{"type":"FeatureCollection","features":[{"type":"Feature","id":10752,"geometry":{"type":"Point","coordinates":[11.481652,48.156667]},"properties":{"hsi":0}},{"type":"Feature","id":10753,"geometry":{"type":"Point","coordinates":[11.481762,48.156886]},"properties":{"hsi":0}},{"type":"Feature","id":10754,"geometry":{"type":"Point","coordinates":[11.481809,48.156884]},"properties":{"hsi":0}},{"type":"Feature","id":10755,"geometry":{"type":"Point","coordinates":[11.481747,48.156895]},"properties":{"hsi":0}},{"type":"Feature","id":10756,"geometry":{"type":"Point","coordinates":[11.48187,48.156895]},"properties":{"hsi":0}},{"type":"Feature","id":10757,"geometry":{"type":"Point","coordinates":[11.481769,48.156916]},"properties":{"hsi":0}},{"type":"Feature","id":10758,"geometry":{"type":"Point","coordinates":[11.481816,48.156919]},"properties":{"hsi":0}},{"type":"Feature","id":10759,"geometry":{"type":"Point","coordinates":[11.481886,48.156942]},"properties":{"hsi":0}},{"type":"Feature","id":10760,"geometry":{"type":"Point","coordinates":[11.481688,48.156963]},"properties":{"hsi":0.846}},{"type":"Feature","id":10761,"geometry":{"type":"Point","coordinates":[11.481845,48.156971]},"properties":{"hsi":0.325}},{"type":"Feature","id":10762,"geometry":{"type":"Point","coordinates":[11.481807,48.156984]},"properties":{"hsi":0.358}},{"type":"Feature","id":10763,"geometry":{"type":"Point","coordinates":[11.481944,48.156982]},"properties":{"hsi":0}},{"type":"Feature","id":10764,"geometry":{"type":"Point","coordinates":[11.481888,48.15701]},"properties":{"hsi":0.61}},{"type":"Feature","id":10765,"geometry":{"type":"Point","coordinates":[11.481736,48.15701]},"properties":{"hsi":0.992}},{"type":"Feature","id":10766,"geometry":{"type":"Point","coordinates":[11.482063,48.157021]},"properties":{"hsi":0}},{"type":"Feature","id":10767,"geometry":{"type":"Point","coordinates":[11.481833,48.157031]},"properties":{"hsi":0.512}},{"type":"Feature","id":10768,"geometry":{"type":"Point","coordinates":[11.482,48.157034]},"properties":{"hsi":0.791}},{"type":"Feature","id":10769,"geometry":{"type":"Point","coordinates":[11.481896,48.157054]},"properties":{"hsi":0}},{"type":"Feature","id":10770,"geometry":{"type":"Point","coordinates":[11.481828,48.157075]},"properties":{"hsi":0.437}},{"type":"Feature","id":10771,"geometry":{"type":"Point","coordinates":[11.481682,48.157082]},"properties":{"hsi":0.593}},{"type":"Feature","id":10772,"geometry":{"type":"Point","coordinates":[11.481931,48.157086]},"properties":{"hsi":0}},{"type":"Feature","id":10773,"geometry":{"type":"Point","coordinates":[11.481936,48.157116]},"properties":{"hsi":0}},{"type":"Feature","id":10774,"geometry":{"type":"Point","coordinates":[11.481775,48.157114]},"properties":{"hsi":0.73}},{"type":"Feature","id":10775,"geometry":{"type":"Point","coordinates":[11.482081,48.157127]},"properties":{"hsi":0.912}},{"type":"Feature","id":10776,"geometry":{"type":"Point","coordinates":[11.481683,48.157135]},"properties":{"hsi":0.589}},{"type":"Feature","id":10777,"geometry":{"type":"Point","coordinates":[11.481854,48.157132]},"properties":{"hsi":0.752}},{"type":"Feature","id":10778,"geometry":{"type":"Point","coordinates":[11.481618,48.157154]},"properties":{"hsi":0.406}},{"type":"Feature","id":10779,"geometry":{"type":"Point","coordinates":[11.481777,48.157194]},"properties":{"hsi":0.903}},{"type":"Feature","id":10780,"geometry":{"type":"Point","coordinates":[11.48162,48.157223]},"properties":{"hsi":0}},{"type":"Feature","id":10781,"geometry":{"type":"Point","coordinates":[11.48161,48.157259]},"properties":{"hsi":0}},{"type":"Feature","id":10782,"geometry":{"type":"Point","coordinates":[11.481687,48.157269]},"properties":{"hsi":0}},{"type":"Feature","id":10783,"geometry":{"type":"Point","coordinates":[11.481945,48.157297]},"properties":{"hsi":0.698}},{"type":"Feature","id":10784,"geometry":{"type":"Point","coordinates":[11.482051,48.1573]},"properties":{"hsi":0.869}},{"type":"Feature","id":11051,"geometry":{"type":"Point","coordinates":[11.484269,48.156656]},"properties":{"hsi":0.957}},{"type":"Feature","id":11054,"geometry":{"type":"Point","coordinates":[11.484251,48.15676]},"properties":{"hsi":0.959}},{"type":"Feature","id":11056,"geometry":{"type":"Point","coordinates":[11.484247,48.156805]},"properties":{"hsi":0.953}},{"type":"Feature","id":11057,"geometry":{"type":"Point","coordinates":[11.484202,48.156863]},"properties":{"hsi":0.784}},{"type":"Feature","id":11059,"geometry":{"type":"Point","coordinates":[11.484113,48.156901]},"properties":{"hsi":0}},{"type":"Feature","id":11061,"geometry":{"type":"Point","coordinates":[11.484084,48.156909]},"properties":{"hsi":0}},{"type":"Feature","id":11062,"geometry":{"type":"Point","coordinates":[11.484052,48.156921]},"properties":{"hsi":0}},{"type":"Feature","id":11063,"geometry":{"type":"Point","coordinates":[11.484135,48.156929]},"properties":{"hsi":0}},{"type":"Feature","id":11064,"geometry":{"type":"Point","coordinates":[11.484141,48.156952]},"properties":{"hsi":0}},{"type":"Feature","id":11065,"geometry":{"type":"Point","coordinates":[11.484191,48.156955]},"properties":{"hsi":0}},{"type":"Feature","id":11067,"geometry":{"type":"Point","coordinates":[11.484124,48.156979]},"properties":{"hsi":0}},{"type":"Feature","id":11068,"geometry":{"type":"Point","coordinates":[11.484152,48.156984]},"properties":{"hsi":0}},{"type":"Feature","id":11069,"geometry":{"type":"Point","coordinates":[11.483947,48.156996]},"properties":{"hsi":0.744}},{"type":"Feature","id":11154,"geometry":{"type":"Point","coordinates":[11.482485,48.157254]},"properties":{"hsi":0}},{"type":"Feature","id":11155,"geometry":{"type":"Point","coordinates":[11.482179,48.157298]},"properties":{"hsi":0.687}},{"type":"Feature","id":11156,"geometry":{"type":"Point","coordinates":[11.48227,48.157313]},"properties":{"hsi":0.589}},{"type":"Feature","id":11157,"geometry":{"type":"Point","coordinates":[11.48249,48.157322]},"properties":{"hsi":0}},{"type":"Feature","id":11158,"geometry":{"type":"Point","coordinates":[11.482438,48.157367]},"properties":{"hsi":0}},{"type":"Feature","id":11159,"geometry":{"type":"Point","coordinates":[11.482466,48.157373]},"properties":{"hsi":0}},{"type":"Feature","id":11160,"geometry":{"type":"Point","coordinates":[11.482414,48.157405]},"properties":{"hsi":0.829}},{"type":"Feature","id":11161,"geometry":{"type":"Point","coordinates":[11.482274,48.157666]},"properties":{"hsi":0.477}},{"type":"Feature","id":11162,"geometry":{"type":"Point","coordinates":[11.48249,48.157692]},"properties":{"hsi":0.985}},{"type":"Feature","id":11163,"geometry":{"type":"Point","coordinates":[11.482388,48.157743]},"properties":{"hsi":1}},{"type":"Feature","id":11164,"geometry":{"type":"Point","coordinates":[11.482268,48.157762]},"properties":{"hsi":0.922}},{"type":"Feature","id":11165,"geometry":{"type":"Point","coordinates":[11.482313,48.157859]},"properties":{"hsi":0.879}},{"type":"Feature","id":11166,"geometry":{"type":"Point","coordinates":[11.482185,48.157866]},"properties":{"hsi":0.838}},{"type":"Feature","id":11167,"geometry":{"type":"Point","coordinates":[11.482423,48.157869]},"properties":{"hsi":0}},{"type":"Feature","id":11168,"geometry":{"type":"Point","coordinates":[11.482512,48.157889]},"properties":{"hsi":0.795}},{"type":"Feature","id":11169,"geometry":{"type":"Point","coordinates":[11.482418,48.157905]},"properties":{"hsi":0}},{"type":"Feature","id":11170,"geometry":{"type":"Point","coordinates":[11.482233,48.157918]},"properties":{"hsi":0.751}},{"type":"Feature","id":11171,"geometry":{"type":"Point","coordinates":[11.482472,48.157947]},"properties":{"hsi":0.659}},{"type":"Feature","id":11172,"geometry":{"type":"Point","coordinates":[11.482317,48.157954]},"properties":{"hsi":0.894}},{"type":"Feature","id":11173,"geometry":{"type":"Point","coordinates":[11.482189,48.157967]},"properties":{"hsi":0.368}},{"type":"Feature","id":11174,"geometry":{"type":"Point","coordinates":[11.48245,48.157238]},"properties":{"hsi":0}},{"type":"Feature","id":11175,"geometry":{"type":"Point","coordinates":[11.482273,48.157191]},"properties":{"hsi":0}},{"type":"Feature","id":11176,"geometry":{"type":"Point","coordinates":[11.482498,48.157196]},"properties":{"hsi":0}},{"type":"Feature","id":11177,"geometry":{"type":"Point","coordinates":[11.482203,48.157188]},"properties":{"hsi":0}},{"type":"Feature","id":11178,"geometry":{"type":"Point","coordinates":[11.482397,48.157141]},"properties":{"hsi":0.969}},{"type":"Feature","id":11179,"geometry":{"type":"Point","coordinates":[11.482079,48.156934]},"properties":{"hsi":0}},{"type":"Feature","id":11180,"geometry":{"type":"Point","coordinates":[11.482255,48.15712]},"properties":{"hsi":0.988}},{"type":"Feature","id":11181,"geometry":{"type":"Point","coordinates":[11.482462,48.157076]},"properties":{"hsi":0.921}},{"type":"Feature","id":11182,"geometry":{"type":"Point","coordinates":[11.482258,48.157015]},"properties":{"hsi":0.984}},{"type":"Feature","id":11183,"geometry":{"type":"Point","coordinates":[11.482152,48.157012]},"properties":{"hsi":0.881}},{"type":"Feature","id":11184,"geometry":{"type":"Point","coordinates":[11.482427,48.156995]},"properties":{"hsi":0.683}},{"type":"Feature","id":11185,"geometry":{"type":"Point","coordinates":[11.482103,48.156987]},"properties":{"hsi":0}},{"type":"Feature","id":11216,"geometry":{"type":"Point","coordinates":[11.482642,48.156941]},"properties":{"hsi":0}},{"type":"Feature","id":11217,"geometry":{"type":"Point","coordinates":[11.482745,48.156955]},"properties":{"hsi":0}},{"type":"Feature","id":11218,"geometry":{"type":"Point","coordinates":[11.482624,48.156959]},"properties":{"hsi":0}},{"type":"Feature","id":11219,"geometry":{"type":"Point","coordinates":[11.482784,48.156963]},"properties":{"hsi":0}},{"type":"Feature","id":11220,"geometry":{"type":"Point","coordinates":[11.482675,48.156974]},"properties":{"hsi":0}},{"type":"Feature","id":11221,"geometry":{"type":"Point","coordinates":[11.482984,48.156967]},"properties":{"hsi":0}},{"type":"Feature","id":11222,"geometry":{"type":"Point","coordinates":[11.482699,48.156979]},"properties":{"hsi":0}},{"type":"Feature","id":11223,"geometry":{"type":"Point","coordinates":[11.48276,48.156982]},"properties":{"hsi":0}},{"type":"Feature","id":11224,"geometry":{"type":"Point","coordinates":[11.482627,48.156995]},"properties":{"hsi":0}},{"type":"Feature","id":11225,"geometry":{"type":"Point","coordinates":[11.48254,48.157001]},"properties":{"hsi":0}},{"type":"Feature","id":11226,"geometry":{"type":"Point","coordinates":[11.483669,48.156974]},"properties":{"hsi":0}},{"type":"Feature","id":11227,"geometry":{"type":"Point","coordinates":[11.482894,48.15701]},"properties":{"hsi":0}},{"type":"Feature","id":11228,"geometry":{"type":"Point","coordinates":[11.483175,48.157004]},"properties":{"hsi":0.809}},{"type":"Feature","id":11229,"geometry":{"type":"Point","coordinates":[11.482963,48.157007]},"properties":{"hsi":0}},{"type":"Feature","id":11230,"geometry":{"type":"Point","coordinates":[11.482867,48.157013]},"properties":{"hsi":0}},{"type":"Feature","id":11231,"geometry":{"type":"Point","coordinates":[11.482573,48.157028]},"properties":{"hsi":0}},{"type":"Feature","id":11232,"geometry":{"type":"Point","coordinates":[11.483414,48.157016]},"properties":{"hsi":0}},{"type":"Feature","id":11233,"geometry":{"type":"Point","coordinates":[11.482618,48.157048]},"properties":{"hsi":0}},{"type":"Feature","id":11234,"geometry":{"type":"Point","coordinates":[11.483231,48.157038]},"properties":{"hsi":0.952}},{"type":"Feature","id":11235,"geometry":{"type":"Point","coordinates":[11.484264,48.156999]},"properties":{"hsi":0.598}},{"type":"Feature","id":11236,"geometry":{"type":"Point","coordinates":[11.483802,48.157006]},"properties":{"hsi":0}},{"type":"Feature","id":11239,"geometry":{"type":"Point","coordinates":[11.484038,48.157034]},"properties":{"hsi":0.876}},{"type":"Feature","id":11240,"geometry":{"type":"Point","coordinates":[11.483874,48.157051]},"properties":{"hsi":0}},{"type":"Feature","id":11242,"geometry":{"type":"Point","coordinates":[11.483882,48.157087]},"properties":{"hsi":0}},{"type":"Feature","id":11243,"geometry":{"type":"Point","coordinates":[11.484207,48.157105]},"properties":{"hsi":0}},{"type":"Feature","id":11244,"geometry":{"type":"Point","coordinates":[11.484172,48.157112]},"properties":{"hsi":0.347}},{"type":"Feature","id":11245,"geometry":{"type":"Point","coordinates":[11.484389,48.157119]},"properties":{"hsi":0.785}},{"type":"Feature","id":11246,"geometry":{"type":"Point","coordinates":[11.484324,48.157142]},"properties":{"hsi":0.864}},{"type":"Feature","id":11247,"geometry":{"type":"Point","coordinates":[11.48413,48.157143]},"properties":{"hsi":0.789}},{"type":"Feature","id":11248,"geometry":{"type":"Point","coordinates":[11.484025,48.157145]},"properties":{"hsi":0.9}},{"type":"Feature","id":11249,"geometry":{"type":"Point","coordinates":[11.483783,48.157161]},"properties":{"hsi":0.933}},{"type":"Feature","id":11250,"geometry":{"type":"Point","coordinates":[11.484199,48.157159]},"properties":{"hsi":0.733}},{"type":"Feature","id":11251,"geometry":{"type":"Point","coordinates":[11.484205,48.157185]},"properties":{"hsi":0}},{"type":"Feature","id":11252,"geometry":{"type":"Point","coordinates":[11.483874,48.157189]},"properties":{"hsi":0.966}},{"type":"Feature","id":11253,"geometry":{"type":"Point","coordinates":[11.484185,48.157202]},"properties":{"hsi":0}},{"type":"Feature","id":11254,"geometry":{"type":"Point","coordinates":[11.484396,48.157204]},"properties":{"hsi":1}},{"type":"Feature","id":11255,"geometry":{"type":"Point","coordinates":[11.484217,48.157209]},"properties":{"hsi":0}},{"type":"Feature","id":11256,"geometry":{"type":"Point","coordinates":[11.4842,48.157228]},"properties":{"hsi":0}},{"type":"Feature","id":11257,"geometry":{"type":"Point","coordinates":[11.484054,48.157256]},"properties":{"hsi":1}},{"type":"Feature","id":11259,"geometry":{"type":"Point","coordinates":[11.483929,48.157329]},"properties":{"hsi":1}},{"type":"Feature","id":11260,"geometry":{"type":"Point","coordinates":[11.483757,48.157355]},"properties":{"hsi":0.779}},{"type":"Feature","id":11261,"geometry":{"type":"Point","coordinates":[11.4841,48.157356]},"properties":{"hsi":0}},{"type":"Feature","id":11263,"geometry":{"type":"Point","coordinates":[11.484144,48.157364]},"properties":{"hsi":0.818}},{"type":"Feature","id":11264,"geometry":{"type":"Point","coordinates":[11.483829,48.157391]},"properties":{"hsi":0.876}},{"type":"Feature","id":11265,"geometry":{"type":"Point","coordinates":[11.484295,48.157387]},"properties":{"hsi":0.997}},{"type":"Feature","id":11267,"geometry":{"type":"Point","coordinates":[11.484398,48.157433]},"properties":{"hsi":0.96}},{"type":"Feature","id":11268,"geometry":{"type":"Point","coordinates":[11.48384,48.157446]},"properties":{"hsi":0.815}},{"type":"Feature","id":11269,"geometry":{"type":"Point","coordinates":[11.483954,48.157447]},"properties":{"hsi":0.839}},{"type":"Feature","id":11270,"geometry":{"type":"Point","coordinates":[11.483101,48.15706]},"properties":{"hsi":0.966}},{"type":"Feature","id":11271,"geometry":{"type":"Point","coordinates":[11.482671,48.157063]},"properties":{"hsi":0}},{"type":"Feature","id":11272,"geometry":{"type":"Point","coordinates":[11.482562,48.157071]},"properties":{"hsi":0}},{"type":"Feature","id":11273,"geometry":{"type":"Point","coordinates":[11.483705,48.157051]},"properties":{"hsi":0.864}},{"type":"Feature","id":11274,"geometry":{"type":"Point","coordinates":[11.48347,48.157056]},"properties":{"hsi":0.942}},{"type":"Feature","id":11275,"geometry":{"type":"Point","coordinates":[11.483581,48.157047]},"properties":{"hsi":0.938}},{"type":"Feature","id":11276,"geometry":{"type":"Point","coordinates":[11.482921,48.157069]},"properties":{"hsi":0.637}},{"type":"Feature","id":11277,"geometry":{"type":"Point","coordinates":[11.483344,48.157063]},"properties":{"hsi":0.981}},{"type":"Feature","id":11278,"geometry":{"type":"Point","coordinates":[11.482622,48.157082]},"properties":{"hsi":0}},{"type":"Feature","id":11279,"geometry":{"type":"Point","coordinates":[11.482655,48.157102]},"properties":{"hsi":0}},{"type":"Feature","id":11280,"geometry":{"type":"Point","coordinates":[11.482555,48.157107]},"properties":{"hsi":0}},{"type":"Feature","id":11281,"geometry":{"type":"Point","coordinates":[11.482984,48.157095]},"properties":{"hsi":0.968}},{"type":"Feature","id":11282,"geometry":{"type":"Point","coordinates":[11.483294,48.157109]},"properties":{"hsi":0.77}},{"type":"Feature","id":11283,"geometry":{"type":"Point","coordinates":[11.482531,48.157137]},"properties":{"hsi":0}},{"type":"Feature","id":11284,"geometry":{"type":"Point","coordinates":[11.482607,48.157146]},"properties":{"hsi":0}},{"type":"Feature","id":11285,"geometry":{"type":"Point","coordinates":[11.483239,48.157143]},"properties":{"hsi":0.991}},{"type":"Feature","id":11286,"geometry":{"type":"Point","coordinates":[11.48308,48.157149]},"properties":{"hsi":0.871}},{"type":"Feature","id":11287,"geometry":{"type":"Point","coordinates":[11.483547,48.157142]},"properties":{"hsi":0.795}},{"type":"Feature","id":11288,"geometry":{"type":"Point","coordinates":[11.482702,48.157167]},"properties":{"hsi":0}},{"type":"Feature","id":11289,"geometry":{"type":"Point","coordinates":[11.482748,48.157164]},"properties":{"hsi":0}},{"type":"Feature","id":11290,"geometry":{"type":"Point","coordinates":[11.483637,48.157154]},"properties":{"hsi":0.774}},{"type":"Feature","id":11291,"geometry":{"type":"Point","coordinates":[11.482563,48.157178]},"properties":{"hsi":0}},{"type":"Feature","id":11292,"geometry":{"type":"Point","coordinates":[11.482657,48.15718]},"properties":{"hsi":0}},{"type":"Feature","id":11293,"geometry":{"type":"Point","coordinates":[11.483431,48.15718]},"properties":{"hsi":0.946}},{"type":"Feature","id":11294,"geometry":{"type":"Point","coordinates":[11.483085,48.157195]},"properties":{"hsi":0.866}},{"type":"Feature","id":11295,"geometry":{"type":"Point","coordinates":[11.482957,48.157192]},"properties":{"hsi":0.656}},{"type":"Feature","id":11296,"geometry":{"type":"Point","coordinates":[11.482605,48.157207]},"properties":{"hsi":0}},{"type":"Feature","id":11297,"geometry":{"type":"Point","coordinates":[11.482559,48.157215]},"properties":{"hsi":0}},{"type":"Feature","id":11298,"geometry":{"type":"Point","coordinates":[11.483285,48.157199]},"properties":{"hsi":0.924}},{"type":"Feature","id":11299,"geometry":{"type":"Point","coordinates":[11.48371,48.157191]},"properties":{"hsi":0.879}},{"type":"Feature","id":11300,"geometry":{"type":"Point","coordinates":[11.482728,48.15721]},"properties":{"hsi":0}},{"type":"Feature","id":11301,"geometry":{"type":"Point","coordinates":[11.482663,48.157215]},"properties":{"hsi":0}},{"type":"Feature","id":11302,"geometry":{"type":"Point","coordinates":[11.482897,48.157222]},"properties":{"hsi":0.646}},{"type":"Feature","id":11352,"geometry":{"type":"Point","coordinates":[11.482778,48.157231]},"properties":{"hsi":0}},{"type":"Feature","id":11353,"geometry":{"type":"Point","coordinates":[11.482608,48.15725]},"properties":{"hsi":0}},{"type":"Feature","id":11354,"geometry":{"type":"Point","coordinates":[11.482973,48.157247]},"properties":{"hsi":0.641}},{"type":"Feature","id":11355,"geometry":{"type":"Point","coordinates":[11.483106,48.157245]},"properties":{"hsi":0.84}},{"type":"Feature","id":11356,"geometry":{"type":"Point","coordinates":[11.483522,48.157241]},"properties":{"hsi":0.846}},{"type":"Feature","id":11357,"geometry":{"type":"Point","coordinates":[11.483612,48.157248]},"properties":{"hsi":0.923}},{"type":"Feature","id":11358,"geometry":{"type":"Point","coordinates":[11.483227,48.15726]},"properties":{"hsi":0.902}},{"type":"Feature","id":11359,"geometry":{"type":"Point","coordinates":[11.482587,48.157273]},"properties":{"hsi":0}},{"type":"Feature","id":11360,"geometry":{"type":"Point","coordinates":[11.483338,48.157266]},"properties":{"hsi":0.564}},{"type":"Feature","id":11361,"geometry":{"type":"Point","coordinates":[11.483413,48.157266]},"properties":{"hsi":0.714}},{"type":"Feature","id":11362,"geometry":{"type":"Point","coordinates":[11.483377,48.157295]},"properties":{"hsi":0}},{"type":"Feature","id":11363,"geometry":{"type":"Point","coordinates":[11.482673,48.157326]},"properties":{"hsi":0}},{"type":"Feature","id":11364,"geometry":{"type":"Point","coordinates":[11.483106,48.157338]},"properties":{"hsi":0.687}},{"type":"Feature","id":11365,"geometry":{"type":"Point","coordinates":[11.482918,48.15734]},"properties":{"hsi":0}},{"type":"Feature","id":11366,"geometry":{"type":"Point","coordinates":[11.483214,48.157335]},"properties":{"hsi":0.604}},{"type":"Feature","id":11367,"geometry":{"type":"Point","coordinates":[11.483357,48.157343]},"properties":{"hsi":0.587}},{"type":"Feature","id":11368,"geometry":{"type":"Point","coordinates":[11.483493,48.157343]},"properties":{"hsi":0.777}},{"type":"Feature","id":11369,"geometry":{"type":"Point","coordinates":[11.483,48.157357]},"properties":{"hsi":0.612}},{"type":"Feature","id":11370,"geometry":{"type":"Point","coordinates":[11.483573,48.157349]},"properties":{"hsi":0.756}},{"type":"Feature","id":11371,"geometry":{"type":"Point","coordinates":[11.48259,48.157381]},"properties":{"hsi":0.206}},{"type":"Feature","id":11372,"geometry":{"type":"Point","coordinates":[11.483626,48.157361]},"properties":{"hsi":0.537}},{"type":"Feature","id":11373,"geometry":{"type":"Point","coordinates":[11.482728,48.157393]},"properties":{"hsi":0}},{"type":"Feature","id":11374,"geometry":{"type":"Point","coordinates":[11.483301,48.157409]},"properties":{"hsi":0.717}},{"type":"Feature","id":11375,"geometry":{"type":"Point","coordinates":[11.483515,48.157411]},"properties":{"hsi":0}},{"type":"Feature","id":11376,"geometry":{"type":"Point","coordinates":[11.483381,48.157407]},"properties":{"hsi":0.667}},{"type":"Feature","id":11397,"geometry":{"type":"Point","coordinates":[11.481685,48.157354]},"properties":{"hsi":0.765}},{"type":"Feature","id":11398,"geometry":{"type":"Point","coordinates":[11.481595,48.15736]},"properties":{"hsi":0}},{"type":"Feature","id":11399,"geometry":{"type":"Point","coordinates":[11.481915,48.1575]},"properties":{"hsi":0.647}},{"type":"Feature","id":11400,"geometry":{"type":"Point","coordinates":[11.482083,48.157509]},"properties":{"hsi":0.751}},{"type":"Feature","id":11401,"geometry":{"type":"Point","coordinates":[11.481795,48.157515]},"properties":{"hsi":0.596}},{"type":"Feature","id":11402,"geometry":{"type":"Point","coordinates":[11.482001,48.157525]},"properties":{"hsi":0.648}},{"type":"Feature","id":11403,"geometry":{"type":"Point","coordinates":[11.481703,48.157528]},"properties":{"hsi":0.809}},{"type":"Feature","id":11404,"geometry":{"type":"Point","coordinates":[11.481879,48.157529]},"properties":{"hsi":0.445}},{"type":"Feature","id":11405,"geometry":{"type":"Point","coordinates":[11.482167,48.157527]},"properties":{"hsi":0.62}},{"type":"Feature","id":11406,"geometry":{"type":"Point","coordinates":[11.481632,48.157559]},"properties":{"hsi":0.25}},{"type":"Feature","id":11407,"geometry":{"type":"Point","coordinates":[11.48185,48.157563]},"properties":{"hsi":0}},{"type":"Feature","id":11408,"geometry":{"type":"Point","coordinates":[11.481917,48.157577]},"properties":{"hsi":0}},{"type":"Feature","id":11409,"geometry":{"type":"Point","coordinates":[11.482027,48.157578]},"properties":{"hsi":0.825}},{"type":"Feature","id":11410,"geometry":{"type":"Point","coordinates":[11.482211,48.157574]},"properties":{"hsi":0}},{"type":"Feature","id":11411,"geometry":{"type":"Point","coordinates":[11.482184,48.157577]},"properties":{"hsi":0}},{"type":"Feature","id":11412,"geometry":{"type":"Point","coordinates":[11.482254,48.157587]},"properties":{"hsi":0}},{"type":"Feature","id":11413,"geometry":{"type":"Point","coordinates":[11.481395,48.157604]},"properties":{"hsi":0}},{"type":"Feature","id":11414,"geometry":{"type":"Point","coordinates":[11.481549,48.157612]},"properties":{"hsi":0}},{"type":"Feature","id":11415,"geometry":{"type":"Point","coordinates":[11.482632,48.157542]},"properties":{"hsi":0.81}},{"type":"Feature","id":11416,"geometry":{"type":"Point","coordinates":[11.482558,48.15759]},"properties":{"hsi":0.832}},{"type":"Feature","id":11417,"geometry":{"type":"Point","coordinates":[11.482732,48.157598]},"properties":{"hsi":0.685}},{"type":"Feature","id":11418,"geometry":{"type":"Point","coordinates":[11.482906,48.1576]},"properties":{"hsi":0}},{"type":"Feature","id":11419,"geometry":{"type":"Point","coordinates":[11.482649,48.157602]},"properties":{"hsi":0.572}},{"type":"Feature","id":11420,"geometry":{"type":"Point","coordinates":[11.482837,48.157602]},"properties":{"hsi":0}},{"type":"Feature","id":11421,"geometry":{"type":"Point","coordinates":[11.483181,48.157611]},"properties":{"hsi":0}},{"type":"Feature","id":11422,"geometry":{"type":"Point","coordinates":[11.483237,48.157617]},"properties":{"hsi":0.284}},{"type":"Feature","id":11423,"geometry":{"type":"Point","coordinates":[11.483429,48.15762]},"properties":{"hsi":0}},{"type":"Feature","id":11424,"geometry":{"type":"Point","coordinates":[11.483102,48.157631]},"properties":{"hsi":0}},{"type":"Feature","id":11425,"geometry":{"type":"Point","coordinates":[11.483074,48.157644]},"properties":{"hsi":0}},{"type":"Feature","id":11426,"geometry":{"type":"Point","coordinates":[11.483123,48.157643]},"properties":{"hsi":0}},{"type":"Feature","id":11427,"geometry":{"type":"Point","coordinates":[11.483055,48.157657]},"properties":{"hsi":0}},{"type":"Feature","id":11428,"geometry":{"type":"Point","coordinates":[11.483347,48.157663]},"properties":{"hsi":0}},{"type":"Feature","id":11429,"geometry":{"type":"Point","coordinates":[11.483368,48.157666]},"properties":{"hsi":0}},{"type":"Feature","id":11430,"geometry":{"type":"Point","coordinates":[11.482724,48.157677]},"properties":{"hsi":0.356}},{"type":"Feature","id":11431,"geometry":{"type":"Point","coordinates":[11.483137,48.157682]},"properties":{"hsi":0.482}},{"type":"Feature","id":11432,"geometry":{"type":"Point","coordinates":[11.482635,48.157694]},"properties":{"hsi":0.739}},{"type":"Feature","id":11433,"geometry":{"type":"Point","coordinates":[11.482753,48.157723]},"properties":{"hsi":0.652}},{"type":"Feature","id":11434,"geometry":{"type":"Point","coordinates":[11.48312,48.157721]},"properties":{"hsi":0.799}},{"type":"Feature","id":11435,"geometry":{"type":"Point","coordinates":[11.482684,48.157744]},"properties":{"hsi":0.472}},{"type":"Feature","id":11436,"geometry":{"type":"Point","coordinates":[11.482881,48.157749]},"properties":{"hsi":0.972}},{"type":"Feature","id":11437,"geometry":{"type":"Point","coordinates":[11.483036,48.157744]},"properties":{"hsi":0.888}},{"type":"Feature","id":11438,"geometry":{"type":"Point","coordinates":[11.482561,48.157774]},"properties":{"hsi":0.968}},{"type":"Feature","id":11439,"geometry":{"type":"Point","coordinates":[11.483096,48.157771]},"properties":{"hsi":0.71}},{"type":"Feature","id":11440,"geometry":{"type":"Point","coordinates":[11.482748,48.157783]},"properties":{"hsi":0.598}},{"type":"Feature","id":11441,"geometry":{"type":"Point","coordinates":[11.482682,48.157808]},"properties":{"hsi":0.863}},{"type":"Feature","id":11442,"geometry":{"type":"Point","coordinates":[11.483263,48.157792]},"properties":{"hsi":1}},{"type":"Feature","id":11443,"geometry":{"type":"Point","coordinates":[11.483525,48.157799]},"properties":{"hsi":1}},{"type":"Feature","id":11444,"geometry":{"type":"Point","coordinates":[11.483024,48.157824]},"properties":{"hsi":0.626}},{"type":"Feature","id":11445,"geometry":{"type":"Point","coordinates":[11.483714,48.157821]},"properties":{"hsi":1}},{"type":"Feature","id":11446,"geometry":{"type":"Point","coordinates":[11.48307,48.157833]},"properties":{"hsi":0}},{"type":"Feature","id":11447,"geometry":{"type":"Point","coordinates":[11.48314,48.15784]},"properties":{"hsi":0}},{"type":"Feature","id":11448,"geometry":{"type":"Point","coordinates":[11.483198,48.157871]},"properties":{"hsi":0}},{"type":"Feature","id":11449,"geometry":{"type":"Point","coordinates":[11.483867,48.157589]},"properties":{"hsi":0}},{"type":"Feature","id":11450,"geometry":{"type":"Point","coordinates":[11.484126,48.157638]},"properties":{"hsi":1}},{"type":"Feature","id":11452,"geometry":{"type":"Point","coordinates":[11.483938,48.157674]},"properties":{"hsi":0.992}},{"type":"Feature","id":11453,"geometry":{"type":"Point","coordinates":[11.484186,48.157695]},"properties":{"hsi":0.974}},{"type":"Feature","id":11454,"geometry":{"type":"Point","coordinates":[11.484338,48.157712]},"properties":{"hsi":1}},{"type":"Feature","id":11458,"geometry":{"type":"Point","coordinates":[11.484409,48.157835]},"properties":{"hsi":0}},{"type":"Feature","id":11459,"geometry":{"type":"Point","coordinates":[11.483847,48.157856]},"properties":{"hsi":1}},{"type":"Feature","id":11460,"geometry":{"type":"Point","coordinates":[11.484371,48.15785]},"properties":{"hsi":0}},{"type":"Feature","id":11461,"geometry":{"type":"Point","coordinates":[11.484028,48.157878]},"properties":{"hsi":0.896}},{"type":"Feature","id":11462,"geometry":{"type":"Point","coordinates":[11.484115,48.157899]},"properties":{"hsi":0}},{"type":"Feature","id":11463,"geometry":{"type":"Point","coordinates":[11.484321,48.157896]},"properties":{"hsi":0.995}},{"type":"Feature","id":11464,"geometry":{"type":"Point","coordinates":[11.483931,48.157934]},"properties":{"hsi":1}},{"type":"Feature","id":11465,"geometry":{"type":"Point","coordinates":[11.484419,48.157941]},"properties":{"hsi":0.921}},{"type":"Feature","id":11467,"geometry":{"type":"Point","coordinates":[11.484087,48.15795]},"properties":{"hsi":0.498}},{"type":"Feature","id":11468,"geometry":{"type":"Point","coordinates":[11.484186,48.157956]},"properties":{"hsi":0.98}},{"type":"Feature","id":11469,"geometry":{"type":"Point","coordinates":[11.481724,48.15766]},"properties":{"hsi":0.953}},{"type":"Feature","id":11470,"geometry":{"type":"Point","coordinates":[11.481608,48.157673]},"properties":{"hsi":1}},{"type":"Feature","id":11471,"geometry":{"type":"Point","coordinates":[11.482022,48.15769]},"properties":{"hsi":1}},{"type":"Feature","id":11472,"geometry":{"type":"Point","coordinates":[11.481872,48.157711]},"properties":{"hsi":1}},{"type":"Feature","id":11473,"geometry":{"type":"Point","coordinates":[11.482144,48.157727]},"properties":{"hsi":1}},{"type":"Feature","id":11474,"geometry":{"type":"Point","coordinates":[11.481565,48.157752]},"properties":{"hsi":0.949}},{"type":"Feature","id":11475,"geometry":{"type":"Point","coordinates":[11.481653,48.15775]},"properties":{"hsi":0.819}},{"type":"Feature","id":11476,"geometry":{"type":"Point","coordinates":[11.481719,48.157773]},"properties":{"hsi":1}},{"type":"Feature","id":11477,"geometry":{"type":"Point","coordinates":[11.481811,48.157789]},"properties":{"hsi":0.745}},{"type":"Feature","id":11478,"geometry":{"type":"Point","coordinates":[11.481515,48.157805]},"properties":{"hsi":0}},{"type":"Feature","id":11479,"geometry":{"type":"Point","coordinates":[11.481606,48.157801]},"properties":{"hsi":0}},{"type":"Feature","id":11480,"geometry":{"type":"Point","coordinates":[11.481628,48.157824]},"properties":{"hsi":0}},{"type":"Feature","id":11481,"geometry":{"type":"Point","coordinates":[11.481583,48.157824]},"properties":{"hsi":0}},{"type":"Feature","id":11482,"geometry":{"type":"Point","coordinates":[11.481983,48.157816]},"properties":{"hsi":1}},{"type":"Feature","id":11483,"geometry":{"type":"Point","coordinates":[11.481541,48.157831]},"properties":{"hsi":0}},{"type":"Feature","id":11484,"geometry":{"type":"Point","coordinates":[11.482231,48.157821]},"properties":{"hsi":0.629}},{"type":"Feature","id":11485,"geometry":{"type":"Point","coordinates":[11.481594,48.157846]},"properties":{"hsi":0.321}},{"type":"Feature","id":11486,"geometry":{"type":"Point","coordinates":[11.481652,48.157844]},"properties":{"hsi":0}},{"type":"Feature","id":11487,"geometry":{"type":"Point","coordinates":[11.481725,48.157855]},"properties":{"hsi":0.91}},{"type":"Feature","id":11488,"geometry":{"type":"Point","coordinates":[11.481506,48.157879]},"properties":{"hsi":0.425}},{"type":"Feature","id":11489,"geometry":{"type":"Point","coordinates":[11.481876,48.157871]},"properties":{"hsi":1}},{"type":"Feature","id":11490,"geometry":{"type":"Point","coordinates":[11.482061,48.157868]},"properties":{"hsi":1}},{"type":"Feature","id":11491,"geometry":{"type":"Point","coordinates":[11.481583,48.157885]},"properties":{"hsi":0}},{"type":"Feature","id":11492,"geometry":{"type":"Point","coordinates":[11.481646,48.157888]},"properties":{"hsi":0}},{"type":"Feature","id":11493,"geometry":{"type":"Point","coordinates":[11.481761,48.157925]},"properties":{"hsi":0.797}},{"type":"Feature","id":11494,"geometry":{"type":"Point","coordinates":[11.482135,48.15793]},"properties":{"hsi":0.68}},{"type":"Feature","id":11495,"geometry":{"type":"Point","coordinates":[11.481838,48.157943]},"properties":{"hsi":0.772}},{"type":"Feature","id":11496,"geometry":{"type":"Point","coordinates":[11.482078,48.15797]},"properties":{"hsi":0.91}},{"type":"Feature","id":11497,"geometry":{"type":"Point","coordinates":[11.481597,48.157982]},"properties":{"hsi":1}},{"type":"Feature","id":11498,"geometry":{"type":"Point","coordinates":[11.481718,48.157989]},"properties":{"hsi":0.911}},{"type":"Feature","id":11499,"geometry":{"type":"Point","coordinates":[11.48189,48.157985]},"properties":{"hsi":1}},{"type":"Feature","id":11500,"geometry":{"type":"Point","coordinates":[11.482003,48.157998]},"properties":{"hsi":0}},{"type":"Feature","id":12399,"geometry":{"type":"Point","coordinates":[11.478668,48.156731]},"properties":{"hsi":0}},{"type":"Feature","id":12400,"geometry":{"type":"Point","coordinates":[11.478088,48.156752]},"properties":{"hsi":0}},{"type":"Feature","id":12401,"geometry":{"type":"Point","coordinates":[11.478553,48.156755]},"properties":{"hsi":0}},{"type":"Feature","id":12402,"geometry":{"type":"Point","coordinates":[11.478099,48.156789]},"properties":{"hsi":0}},{"type":"Feature","id":12403,"geometry":{"type":"Point","coordinates":[11.478753,48.156798]},"properties":{"hsi":0}},{"type":"Feature","id":12404,"geometry":{"type":"Point","coordinates":[11.478676,48.156813]},"properties":{"hsi":0.659}},{"type":"Feature","id":12405,"geometry":{"type":"Point","coordinates":[11.478123,48.156827]},"properties":{"hsi":0}},{"type":"Feature","id":12406,"geometry":{"type":"Point","coordinates":[11.47804,48.156825]},"properties":{"hsi":0}},{"type":"Feature","id":12407,"geometry":{"type":"Point","coordinates":[11.478027,48.15685]},"properties":{"hsi":0}},{"type":"Feature","id":12408,"geometry":{"type":"Point","coordinates":[11.478542,48.156849]},"properties":{"hsi":0}},{"type":"Feature","id":12409,"geometry":{"type":"Point","coordinates":[11.478573,48.156857]},"properties":{"hsi":0}},{"type":"Feature","id":12410,"geometry":{"type":"Point","coordinates":[11.478795,48.156861]},"properties":{"hsi":0.848}},{"type":"Feature","id":12423,"geometry":{"type":"Point","coordinates":[11.479524,48.156711]},"properties":{"hsi":0}},{"type":"Feature","id":12424,"geometry":{"type":"Point","coordinates":[11.478988,48.156725]},"properties":{"hsi":0}},{"type":"Feature","id":12425,"geometry":{"type":"Point","coordinates":[11.478974,48.156739]},"properties":{"hsi":0}},{"type":"Feature","id":12426,"geometry":{"type":"Point","coordinates":[11.479437,48.156749]},"properties":{"hsi":0}},{"type":"Feature","id":12427,"geometry":{"type":"Point","coordinates":[11.479497,48.156749]},"properties":{"hsi":0}},{"type":"Feature","id":12428,"geometry":{"type":"Point","coordinates":[11.479058,48.156803]},"properties":{"hsi":0.476}},{"type":"Feature","id":12429,"geometry":{"type":"Point","coordinates":[11.479426,48.156808]},"properties":{"hsi":0.879}},{"type":"Feature","id":12430,"geometry":{"type":"Point","coordinates":[11.479498,48.156828]},"properties":{"hsi":0}},{"type":"Feature","id":12431,"geometry":{"type":"Point","coordinates":[11.479062,48.156863]},"properties":{"hsi":0}},{"type":"Feature","id":12432,"geometry":{"type":"Point","coordinates":[11.479083,48.156864]},"properties":{"hsi":0}},{"type":"Feature","id":12433,"geometry":{"type":"Point","coordinates":[11.479595,48.156879]},"properties":{"hsi":0.919}},{"type":"Feature","id":12434,"geometry":{"type":"Point","coordinates":[11.479438,48.156993]},"properties":{"hsi":0.891}},{"type":"Feature","id":12435,"geometry":{"type":"Point","coordinates":[11.479255,48.157021]},"properties":{"hsi":0}},{"type":"Feature","id":12436,"geometry":{"type":"Point","coordinates":[11.479175,48.157026]},"properties":{"hsi":0}},{"type":"Feature","id":12437,"geometry":{"type":"Point","coordinates":[11.479361,48.157033]},"properties":{"hsi":0.733}},{"type":"Feature","id":12438,"geometry":{"type":"Point","coordinates":[11.479189,48.157063]},"properties":{"hsi":0.277}},{"type":"Feature","id":12439,"geometry":{"type":"Point","coordinates":[11.47947,48.157066]},"properties":{"hsi":0.487}},{"type":"Feature","id":12440,"geometry":{"type":"Point","coordinates":[11.479252,48.157074]},"properties":{"hsi":0}},{"type":"Feature","id":12441,"geometry":{"type":"Point","coordinates":[11.479293,48.15708]},"properties":{"hsi":0}},{"type":"Feature","id":12453,"geometry":{"type":"Point","coordinates":[11.477667,48.15675]},"properties":{"hsi":0}},{"type":"Feature","id":12455,"geometry":{"type":"Point","coordinates":[11.477783,48.156815]},"properties":{"hsi":0.335}},{"type":"Feature","id":12458,"geometry":{"type":"Point","coordinates":[11.477726,48.156839]},"properties":{"hsi":0.443}},{"type":"Feature","id":12459,"geometry":{"type":"Point","coordinates":[11.477816,48.156839]},"properties":{"hsi":0.462}},{"type":"Feature","id":12460,"geometry":{"type":"Point","coordinates":[11.47792,48.156842]},"properties":{"hsi":0.847}},{"type":"Feature","id":12461,"geometry":{"type":"Point","coordinates":[11.477728,48.156906]},"properties":{"hsi":0}},{"type":"Feature","id":12463,"geometry":{"type":"Point","coordinates":[11.47782,48.156939]},"properties":{"hsi":0.929}},{"type":"Feature","id":12464,"geometry":{"type":"Point","coordinates":[11.477955,48.156943]},"properties":{"hsi":0.468}},{"type":"Feature","id":12465,"geometry":{"type":"Point","coordinates":[11.477691,48.156954]},"properties":{"hsi":0.847}},{"type":"Feature","id":12468,"geometry":{"type":"Point","coordinates":[11.477951,48.156995]},"properties":{"hsi":0}},{"type":"Feature","id":12470,"geometry":{"type":"Point","coordinates":[11.47781,48.157016]},"properties":{"hsi":0}},{"type":"Feature","id":12473,"geometry":{"type":"Point","coordinates":[11.477803,48.157048]},"properties":{"hsi":0}},{"type":"Feature","id":12474,"geometry":{"type":"Point","coordinates":[11.477783,48.157108]},"properties":{"hsi":0.799}},{"type":"Feature","id":12481,"geometry":{"type":"Point","coordinates":[11.479791,48.156752]},"properties":{"hsi":0}},{"type":"Feature","id":12482,"geometry":{"type":"Point","coordinates":[11.479748,48.156781]},"properties":{"hsi":0}},{"type":"Feature","id":12483,"geometry":{"type":"Point","coordinates":[11.479934,48.156815]},"properties":{"hsi":0}},{"type":"Feature","id":12484,"geometry":{"type":"Point","coordinates":[11.47994,48.156832]},"properties":{"hsi":0}},{"type":"Feature","id":12485,"geometry":{"type":"Point","coordinates":[11.479929,48.15687]},"properties":{"hsi":0}},{"type":"Feature","id":12486,"geometry":{"type":"Point","coordinates":[11.479873,48.156886]},"properties":{"hsi":0.554}},{"type":"Feature","id":12487,"geometry":{"type":"Point","coordinates":[11.47974,48.156915]},"properties":{"hsi":0.68}},{"type":"Feature","id":12488,"geometry":{"type":"Point","coordinates":[11.479799,48.15692]},"properties":{"hsi":0.763}},{"type":"Feature","id":12489,"geometry":{"type":"Point","coordinates":[11.479895,48.156942]},"properties":{"hsi":0.686}},{"type":"Feature","id":12490,"geometry":{"type":"Point","coordinates":[11.479741,48.156963]},"properties":{"hsi":0.668}},{"type":"Feature","id":12491,"geometry":{"type":"Point","coordinates":[11.479749,48.157008]},"properties":{"hsi":0}},{"type":"Feature","id":12492,"geometry":{"type":"Point","coordinates":[11.479829,48.157024]},"properties":{"hsi":0.795}},{"type":"Feature","id":12493,"geometry":{"type":"Point","coordinates":[11.479924,48.157052]},"properties":{"hsi":0.902}},{"type":"Feature","id":12496,"geometry":{"type":"Point","coordinates":[11.480059,48.156707]},"properties":{"hsi":0}},{"type":"Feature","id":12497,"geometry":{"type":"Point","coordinates":[11.480513,48.15671]},"properties":{"hsi":0}},{"type":"Feature","id":12498,"geometry":{"type":"Point","coordinates":[11.48071,48.15672]},"properties":{"hsi":0}},{"type":"Feature","id":12499,"geometry":{"type":"Point","coordinates":[11.480601,48.15672]},"properties":{"hsi":0}},{"type":"Feature","id":12500,"geometry":{"type":"Point","coordinates":[11.480495,48.156735]},"properties":{"hsi":0}},{"type":"Feature","id":12501,"geometry":{"type":"Point","coordinates":[11.48049,48.156756]},"properties":{"hsi":0}},{"type":"Feature","id":12502,"geometry":{"type":"Point","coordinates":[11.480596,48.156763]},"properties":{"hsi":0}},{"type":"Feature","id":12503,"geometry":{"type":"Point","coordinates":[11.480652,48.156756]},"properties":{"hsi":0}},{"type":"Feature","id":12504,"geometry":{"type":"Point","coordinates":[11.480699,48.156758]},"properties":{"hsi":0}},{"type":"Feature","id":12505,"geometry":{"type":"Point","coordinates":[11.480672,48.156775]},"properties":{"hsi":0}},{"type":"Feature","id":12506,"geometry":{"type":"Point","coordinates":[11.480455,48.156788]},"properties":{"hsi":0}},{"type":"Feature","id":12507,"geometry":{"type":"Point","coordinates":[11.480092,48.156798]},"properties":{"hsi":0}},{"type":"Feature","id":12508,"geometry":{"type":"Point","coordinates":[11.480634,48.156787]},"properties":{"hsi":0}},{"type":"Feature","id":12509,"geometry":{"type":"Point","coordinates":[11.48068,48.156794]},"properties":{"hsi":0}},{"type":"Feature","id":12510,"geometry":{"type":"Point","coordinates":[11.480367,48.156813]},"properties":{"hsi":0}},{"type":"Feature","id":12511,"geometry":{"type":"Point","coordinates":[11.480288,48.15682]},"properties":{"hsi":0}},{"type":"Feature","id":12512,"geometry":{"type":"Point","coordinates":[11.480406,48.156822]},"properties":{"hsi":0}},{"type":"Feature","id":12513,"geometry":{"type":"Point","coordinates":[11.480531,48.156817]},"properties":{"hsi":0.615}},{"type":"Feature","id":12514,"geometry":{"type":"Point","coordinates":[11.480127,48.156826]},"properties":{"hsi":0}},{"type":"Feature","id":12515,"geometry":{"type":"Point","coordinates":[11.480213,48.156829]},"properties":{"hsi":0}},{"type":"Feature","id":12516,"geometry":{"type":"Point","coordinates":[11.480629,48.156831]},"properties":{"hsi":0}},{"type":"Feature","id":12517,"geometry":{"type":"Point","coordinates":[11.480166,48.156838]},"properties":{"hsi":0}},{"type":"Feature","id":12518,"geometry":{"type":"Point","coordinates":[11.480348,48.156866]},"properties":{"hsi":0}},{"type":"Feature","id":12519,"geometry":{"type":"Point","coordinates":[11.480304,48.156871]},"properties":{"hsi":0}},{"type":"Feature","id":12520,"geometry":{"type":"Point","coordinates":[11.480471,48.156879]},"properties":{"hsi":0.73}},{"type":"Feature","id":12521,"geometry":{"type":"Point","coordinates":[11.480615,48.156883]},"properties":{"hsi":0}},{"type":"Feature","id":12522,"geometry":{"type":"Point","coordinates":[11.480543,48.156919]},"properties":{"hsi":0.704}},{"type":"Feature","id":12523,"geometry":{"type":"Point","coordinates":[11.480615,48.156925]},"properties":{"hsi":0.352}},{"type":"Feature","id":12524,"geometry":{"type":"Point","coordinates":[11.478277,48.156894]},"properties":{"hsi":0}},{"type":"Feature","id":12525,"geometry":{"type":"Point","coordinates":[11.478546,48.156897]},"properties":{"hsi":0}},{"type":"Feature","id":12526,"geometry":{"type":"Point","coordinates":[11.478192,48.156904]},"properties":{"hsi":0}},{"type":"Feature","id":12527,"geometry":{"type":"Point","coordinates":[11.478356,48.156909]},"properties":{"hsi":0}},{"type":"Feature","id":12528,"geometry":{"type":"Point","coordinates":[11.478288,48.15692]},"properties":{"hsi":0}},{"type":"Feature","id":12529,"geometry":{"type":"Point","coordinates":[11.478053,48.156938]},"properties":{"hsi":0.857}},{"type":"Feature","id":12530,"geometry":{"type":"Point","coordinates":[11.478527,48.156944]},"properties":{"hsi":0.428}},{"type":"Feature","id":12531,"geometry":{"type":"Point","coordinates":[11.478373,48.156952]},"properties":{"hsi":0}},{"type":"Feature","id":12532,"geometry":{"type":"Point","coordinates":[11.478223,48.156984]},"properties":{"hsi":0.847}},{"type":"Feature","id":12533,"geometry":{"type":"Point","coordinates":[11.477992,48.156998]},"properties":{"hsi":0}},{"type":"Feature","id":12534,"geometry":{"type":"Point","coordinates":[11.477993,48.15701]},"properties":{"hsi":0.341}},{"type":"Feature","id":12535,"geometry":{"type":"Point","coordinates":[11.478373,48.157008]},"properties":{"hsi":0}},{"type":"Feature","id":12536,"geometry":{"type":"Point","coordinates":[11.47845,48.157005]},"properties":{"hsi":0}},{"type":"Feature","id":12537,"geometry":{"type":"Point","coordinates":[11.478528,48.15701]},"properties":{"hsi":0}},{"type":"Feature","id":12538,"geometry":{"type":"Point","coordinates":[11.478337,48.157021]},"properties":{"hsi":0}},{"type":"Feature","id":12539,"geometry":{"type":"Point","coordinates":[11.478102,48.15703]},"properties":{"hsi":0}},{"type":"Feature","id":12540,"geometry":{"type":"Point","coordinates":[11.478158,48.157036]},"properties":{"hsi":0}},{"type":"Feature","id":12541,"geometry":{"type":"Point","coordinates":[11.478509,48.157034]},"properties":{"hsi":0}},{"type":"Feature","id":12542,"geometry":{"type":"Point","coordinates":[11.478431,48.157043]},"properties":{"hsi":0}},{"type":"Feature","id":12543,"geometry":{"type":"Point","coordinates":[11.478452,48.157041]},"properties":{"hsi":0}},{"type":"Feature","id":12544,"geometry":{"type":"Point","coordinates":[11.4781,48.157054]},"properties":{"hsi":0}},{"type":"Feature","id":12545,"geometry":{"type":"Point","coordinates":[11.478155,48.157066]},"properties":{"hsi":0}},{"type":"Feature","id":12546,"geometry":{"type":"Point","coordinates":[11.478191,48.157079]},"properties":{"hsi":0}},{"type":"Feature","id":12569,"geometry":{"type":"Point","coordinates":[11.478828,48.157597]},"properties":{"hsi":0.748}},{"type":"Feature","id":12570,"geometry":{"type":"Point","coordinates":[11.47884,48.15745]},"properties":{"hsi":0}},{"type":"Feature","id":12571,"geometry":{"type":"Point","coordinates":[11.478842,48.157493]},"properties":{"hsi":0}},{"type":"Feature","id":12572,"geometry":{"type":"Point","coordinates":[11.478837,48.15733]},"properties":{"hsi":0.444}},{"type":"Feature","id":12573,"geometry":{"type":"Point","coordinates":[11.478851,48.157547]},"properties":{"hsi":0}},{"type":"Feature","id":12574,"geometry":{"type":"Point","coordinates":[11.478894,48.157588]},"properties":{"hsi":0.737}},{"type":"Feature","id":12575,"geometry":{"type":"Point","coordinates":[11.478881,48.157279]},"properties":{"hsi":0}},{"type":"Feature","id":12576,"geometry":{"type":"Point","coordinates":[11.47892,48.157293]},"properties":{"hsi":0}},{"type":"Feature","id":12577,"geometry":{"type":"Point","coordinates":[11.478937,48.157637]},"properties":{"hsi":0.77}},{"type":"Feature","id":12578,"geometry":{"type":"Point","coordinates":[11.478934,48.157338]},"properties":{"hsi":0.596}},{"type":"Feature","id":12579,"geometry":{"type":"Point","coordinates":[11.478945,48.157455]},"properties":{"hsi":0.645}},{"type":"Feature","id":12580,"geometry":{"type":"Point","coordinates":[11.478972,48.157282]},"properties":{"hsi":0.312}},{"type":"Feature","id":12581,"geometry":{"type":"Point","coordinates":[11.478986,48.157236]},"properties":{"hsi":0.867}},{"type":"Feature","id":12582,"geometry":{"type":"Point","coordinates":[11.479005,48.157575]},"properties":{"hsi":0}},{"type":"Feature","id":12583,"geometry":{"type":"Point","coordinates":[11.479057,48.15759]},"properties":{"hsi":0.914}},{"type":"Feature","id":12584,"geometry":{"type":"Point","coordinates":[11.479136,48.157564]},"properties":{"hsi":0.763}},{"type":"Feature","id":12585,"geometry":{"type":"Point","coordinates":[11.479163,48.157621]},"properties":{"hsi":0.635}},{"type":"Feature","id":12586,"geometry":{"type":"Point","coordinates":[11.47928,48.157399]},"properties":{"hsi":0.863}},{"type":"Feature","id":12587,"geometry":{"type":"Point","coordinates":[11.479294,48.157479]},"properties":{"hsi":0}},{"type":"Feature","id":12588,"geometry":{"type":"Point","coordinates":[11.479287,48.157317]},"properties":{"hsi":0.662}},{"type":"Feature","id":12589,"geometry":{"type":"Point","coordinates":[11.479286,48.157201]},"properties":{"hsi":0.536}},{"type":"Feature","id":12590,"geometry":{"type":"Point","coordinates":[11.479318,48.157565]},"properties":{"hsi":0}},{"type":"Feature","id":12591,"geometry":{"type":"Point","coordinates":[11.479326,48.157496]},"properties":{"hsi":0}},{"type":"Feature","id":12592,"geometry":{"type":"Point","coordinates":[11.47932,48.157238]},"properties":{"hsi":0.467}},{"type":"Feature","id":12593,"geometry":{"type":"Point","coordinates":[11.47934,48.157618]},"properties":{"hsi":0}},{"type":"Feature","id":12594,"geometry":{"type":"Point","coordinates":[11.479383,48.157627]},"properties":{"hsi":0}},{"type":"Feature","id":12595,"geometry":{"type":"Point","coordinates":[11.479379,48.157401]},"properties":{"hsi":0.949}},{"type":"Feature","id":12596,"geometry":{"type":"Point","coordinates":[11.479381,48.157281]},"properties":{"hsi":0.735}},{"type":"Feature","id":12597,"geometry":{"type":"Point","coordinates":[11.479409,48.157503]},"properties":{"hsi":0.936}},{"type":"Feature","id":12598,"geometry":{"type":"Point","coordinates":[11.479394,48.157209]},"properties":{"hsi":0.473}},{"type":"Feature","id":12599,"geometry":{"type":"Point","coordinates":[11.479433,48.157576]},"properties":{"hsi":0.69}},{"type":"Feature","id":12600,"geometry":{"type":"Point","coordinates":[11.47946,48.157199]},"properties":{"hsi":0.189}},{"type":"Feature","id":12601,"geometry":{"type":"Point","coordinates":[11.479494,48.157556]},"properties":{"hsi":0.708}},{"type":"Feature","id":12602,"geometry":{"type":"Point","coordinates":[11.479495,48.157277]},"properties":{"hsi":0.389}},{"type":"Feature","id":12603,"geometry":{"type":"Point","coordinates":[11.478945,48.157146]},"properties":{"hsi":0}},{"type":"Feature","id":12604,"geometry":{"type":"Point","coordinates":[11.479448,48.157147]},"properties":{"hsi":0.711}},{"type":"Feature","id":12605,"geometry":{"type":"Point","coordinates":[11.478943,48.15711]},"properties":{"hsi":0}},{"type":"Feature","id":12606,"geometry":{"type":"Point","coordinates":[11.478874,48.156998]},"properties":{"hsi":0.649}},{"type":"Feature","id":12607,"geometry":{"type":"Point","coordinates":[11.479284,48.156972]},"properties":{"hsi":0}},{"type":"Feature","id":12608,"geometry":{"type":"Point","coordinates":[11.480598,48.156966]},"properties":{"hsi":0}},{"type":"Feature","id":12609,"geometry":{"type":"Point","coordinates":[11.480531,48.156981]},"properties":{"hsi":0}},{"type":"Feature","id":12610,"geometry":{"type":"Point","coordinates":[11.480051,48.157014]},"properties":{"hsi":0}},{"type":"Feature","id":12611,"geometry":{"type":"Point","coordinates":[11.480386,48.157024]},"properties":{"hsi":0}},{"type":"Feature","id":12612,"geometry":{"type":"Point","coordinates":[11.480509,48.15702]},"properties":{"hsi":0}},{"type":"Feature","id":12613,"geometry":{"type":"Point","coordinates":[11.480166,48.15705]},"properties":{"hsi":0.692}},{"type":"Feature","id":12614,"geometry":{"type":"Point","coordinates":[11.480332,48.157051]},"properties":{"hsi":0}},{"type":"Feature","id":12615,"geometry":{"type":"Point","coordinates":[11.48011,48.157062]},"properties":{"hsi":0.492}},{"type":"Feature","id":12616,"geometry":{"type":"Point","coordinates":[11.48027,48.157056]},"properties":{"hsi":0}},{"type":"Feature","id":12617,"geometry":{"type":"Point","coordinates":[11.480229,48.157062]},"properties":{"hsi":0}},{"type":"Feature","id":12618,"geometry":{"type":"Point","coordinates":[11.480387,48.157079]},"properties":{"hsi":0.411}},{"type":"Feature","id":12619,"geometry":{"type":"Point","coordinates":[11.480057,48.157095]},"properties":{"hsi":0.736}},{"type":"Feature","id":12620,"geometry":{"type":"Point","coordinates":[11.480473,48.157089]},"properties":{"hsi":0}},{"type":"Feature","id":12621,"geometry":{"type":"Point","coordinates":[11.480551,48.157108]},"properties":{"hsi":0}},{"type":"Feature","id":12622,"geometry":{"type":"Point","coordinates":[11.48035,48.157128]},"properties":{"hsi":0}},{"type":"Feature","id":12623,"geometry":{"type":"Point","coordinates":[11.480564,48.157125]},"properties":{"hsi":0}},{"type":"Feature","id":12624,"geometry":{"type":"Point","coordinates":[11.480506,48.157132]},"properties":{"hsi":0}},{"type":"Feature","id":12625,"geometry":{"type":"Point","coordinates":[11.480258,48.157143]},"properties":{"hsi":0}},{"type":"Feature","id":12626,"geometry":{"type":"Point","coordinates":[11.480547,48.157159]},"properties":{"hsi":0}},{"type":"Feature","id":12627,"geometry":{"type":"Point","coordinates":[11.480067,48.15718]},"properties":{"hsi":0.654}},{"type":"Feature","id":12628,"geometry":{"type":"Point","coordinates":[11.480513,48.157167]},"properties":{"hsi":0}},{"type":"Feature","id":12629,"geometry":{"type":"Point","coordinates":[11.480271,48.157188]},"properties":{"hsi":0.429}},{"type":"Feature","id":12630,"geometry":{"type":"Point","coordinates":[11.48044,48.157183]},"properties":{"hsi":0.763}},{"type":"Feature","id":12631,"geometry":{"type":"Point","coordinates":[11.480349,48.157191]},"properties":{"hsi":0.713}},{"type":"Feature","id":12632,"geometry":{"type":"Point","coordinates":[11.480539,48.157186]},"properties":{"hsi":0}},{"type":"Feature","id":12633,"geometry":{"type":"Point","coordinates":[11.480157,48.157223]},"properties":{"hsi":0.919}},{"type":"Feature","id":12634,"geometry":{"type":"Point","coordinates":[11.480525,48.157226]},"properties":{"hsi":0}},{"type":"Feature","id":12635,"geometry":{"type":"Point","coordinates":[11.480272,48.157241]},"properties":{"hsi":0.606}},{"type":"Feature","id":12636,"geometry":{"type":"Point","coordinates":[11.480515,48.157248]},"properties":{"hsi":0}},{"type":"Feature","id":12637,"geometry":{"type":"Point","coordinates":[11.480396,48.157261]},"properties":{"hsi":0.885}},{"type":"Feature","id":12638,"geometry":{"type":"Point","coordinates":[11.480072,48.157286]},"properties":{"hsi":0.91}},{"type":"Feature","id":12639,"geometry":{"type":"Point","coordinates":[11.480243,48.157286]},"properties":{"hsi":0.738}},{"type":"Feature","id":12640,"geometry":{"type":"Point","coordinates":[11.4805,48.157323]},"properties":{"hsi":0.304}},{"type":"Feature","id":12641,"geometry":{"type":"Point","coordinates":[11.479789,48.157074]},"properties":{"hsi":0.747}},{"type":"Feature","id":12642,"geometry":{"type":"Point","coordinates":[11.479996,48.157066]},"properties":{"hsi":0.693}},{"type":"Feature","id":12643,"geometry":{"type":"Point","coordinates":[11.479398,48.157084]},"properties":{"hsi":0.537}},{"type":"Feature","id":12644,"geometry":{"type":"Point","coordinates":[11.479559,48.157081]},"properties":{"hsi":0.673}},{"type":"Feature","id":12645,"geometry":{"type":"Point","coordinates":[11.479329,48.157101]},"properties":{"hsi":0}},{"type":"Feature","id":12646,"geometry":{"type":"Point","coordinates":[11.479716,48.157096]},"properties":{"hsi":0.894}},{"type":"Feature","id":12647,"geometry":{"type":"Point","coordinates":[11.479319,48.157127]},"properties":{"hsi":0}},{"type":"Feature","id":12648,"geometry":{"type":"Point","coordinates":[11.479499,48.157123]},"properties":{"hsi":0.706}},{"type":"Feature","id":12649,"geometry":{"type":"Point","coordinates":[11.479944,48.157129]},"properties":{"hsi":0.662}},{"type":"Feature","id":12650,"geometry":{"type":"Point","coordinates":[11.479373,48.157154]},"properties":{"hsi":0.761}},{"type":"Feature","id":12651,"geometry":{"type":"Point","coordinates":[11.479809,48.157147]},"properties":{"hsi":0.918}},{"type":"Feature","id":12652,"geometry":{"type":"Point","coordinates":[11.479905,48.157165]},"properties":{"hsi":0.578}},{"type":"Feature","id":12653,"geometry":{"type":"Point","coordinates":[11.479499,48.157177]},"properties":{"hsi":0}},{"type":"Feature","id":12654,"geometry":{"type":"Point","coordinates":[11.479619,48.157189]},"properties":{"hsi":0.937}},{"type":"Feature","id":12655,"geometry":{"type":"Point","coordinates":[11.479345,48.157192]},"properties":{"hsi":0.377}},{"type":"Feature","id":12656,"geometry":{"type":"Point","coordinates":[11.479969,48.157192]},"properties":{"hsi":0.624}},{"type":"Feature","id":12657,"geometry":{"type":"Point","coordinates":[11.479827,48.157217]},"properties":{"hsi":0.822}},{"type":"Feature","id":12658,"geometry":{"type":"Point","coordinates":[11.479896,48.157239]},"properties":{"hsi":0.73}},{"type":"Feature","id":12659,"geometry":{"type":"Point","coordinates":[11.479737,48.157244]},"properties":{"hsi":0.501}},{"type":"Feature","id":12660,"geometry":{"type":"Point","coordinates":[11.479567,48.157251]},"properties":{"hsi":0.5}},{"type":"Feature","id":12661,"geometry":{"type":"Point","coordinates":[11.479629,48.157261]},"properties":{"hsi":0.437}},{"type":"Feature","id":12662,"geometry":{"type":"Point","coordinates":[11.479987,48.157272]},"properties":{"hsi":0.91}},{"type":"Feature","id":12663,"geometry":{"type":"Point","coordinates":[11.479765,48.157288]},"properties":{"hsi":0.326}},{"type":"Feature","id":12664,"geometry":{"type":"Point","coordinates":[11.479855,48.157286]},"properties":{"hsi":0.866}},{"type":"Feature","id":12665,"geometry":{"type":"Point","coordinates":[11.479455,48.157319]},"properties":{"hsi":0.669}},{"type":"Feature","id":12666,"geometry":{"type":"Point","coordinates":[11.479358,48.157332]},"properties":{"hsi":0.719}},{"type":"Feature","id":12667,"geometry":{"type":"Point","coordinates":[11.478161,48.157105]},"properties":{"hsi":0.369}},{"type":"Feature","id":12668,"geometry":{"type":"Point","coordinates":[11.478498,48.157106]},"properties":{"hsi":0.849}},{"type":"Feature","id":12669,"geometry":{"type":"Point","coordinates":[11.478596,48.157116]},"properties":{"hsi":0}},{"type":"Feature","id":12670,"geometry":{"type":"Point","coordinates":[11.478102,48.157134]},"properties":{"hsi":0}},{"type":"Feature","id":12671,"geometry":{"type":"Point","coordinates":[11.478161,48.157142]},"properties":{"hsi":0}},{"type":"Feature","id":12672,"geometry":{"type":"Point","coordinates":[11.478092,48.157172]},"properties":{"hsi":0}},{"type":"Feature","id":12673,"geometry":{"type":"Point","coordinates":[11.47815,48.157169]},"properties":{"hsi":0}},{"type":"Feature","id":12674,"geometry":{"type":"Point","coordinates":[11.478462,48.157173]},"properties":{"hsi":0}},{"type":"Feature","id":12675,"geometry":{"type":"Point","coordinates":[11.478171,48.157203]},"properties":{"hsi":0}},{"type":"Feature","id":12676,"geometry":{"type":"Point","coordinates":[11.478119,48.157216]},"properties":{"hsi":0}},{"type":"Feature","id":12677,"geometry":{"type":"Point","coordinates":[11.478034,48.157237]},"properties":{"hsi":0}},{"type":"Feature","id":12678,"geometry":{"type":"Point","coordinates":[11.478326,48.157229]},"properties":{"hsi":0}},{"type":"Feature","id":12679,"geometry":{"type":"Point","coordinates":[11.478127,48.157251]},"properties":{"hsi":0.566}},{"type":"Feature","id":12680,"geometry":{"type":"Point","coordinates":[11.478547,48.157255]},"properties":{"hsi":0.876}},{"type":"Feature","id":12681,"geometry":{"type":"Point","coordinates":[11.478211,48.157265]},"properties":{"hsi":0.743}},{"type":"Feature","id":12682,"geometry":{"type":"Point","coordinates":[11.478404,48.15731]},"properties":{"hsi":0.963}},{"type":"Feature","id":12683,"geometry":{"type":"Point","coordinates":[11.478087,48.157317]},"properties":{"hsi":0.731}},{"type":"Feature","id":12684,"geometry":{"type":"Point","coordinates":[11.478173,48.15732]},"properties":{"hsi":0}},{"type":"Feature","id":12685,"geometry":{"type":"Point","coordinates":[11.478636,48.157319]},"properties":{"hsi":0.588}},{"type":"Feature","id":12686,"geometry":{"type":"Point","coordinates":[11.478515,48.157339]},"properties":{"hsi":0}},{"type":"Feature","id":12687,"geometry":{"type":"Point","coordinates":[11.478724,48.157332]},"properties":{"hsi":0}},{"type":"Feature","id":12688,"geometry":{"type":"Point","coordinates":[11.478083,48.157423]},"properties":{"hsi":0.314}},{"type":"Feature","id":12689,"geometry":{"type":"Point","coordinates":[11.478185,48.157431]},"properties":{"hsi":0.381}},{"type":"Feature","id":12690,"geometry":{"type":"Point","coordinates":[11.478305,48.157438]},"properties":{"hsi":0.944}},{"type":"Feature","id":12691,"geometry":{"type":"Point","coordinates":[11.478508,48.157439]},"properties":{"hsi":0.456}},{"type":"Feature","id":12692,"geometry":{"type":"Point","coordinates":[11.478616,48.157444]},"properties":{"hsi":0}},{"type":"Feature","id":12693,"geometry":{"type":"Point","coordinates":[11.478729,48.157453]},"properties":{"hsi":0.528}},{"type":"Feature","id":12694,"geometry":{"type":"Point","coordinates":[11.47777,48.157216]},"properties":{"hsi":0.921}},{"type":"Feature","id":12696,"geometry":{"type":"Point","coordinates":[11.477881,48.157227]},"properties":{"hsi":0.979}},{"type":"Feature","id":12700,"geometry":{"type":"Point","coordinates":[11.477778,48.157305]},"properties":{"hsi":0.69}},{"type":"Feature","id":12701,"geometry":{"type":"Point","coordinates":[11.47798,48.157305]},"properties":{"hsi":0.843}},{"type":"Feature","id":12702,"geometry":{"type":"Point","coordinates":[11.47788,48.157311]},"properties":{"hsi":0.647}},{"type":"Feature","id":12703,"geometry":{"type":"Point","coordinates":[11.477772,48.157412]},"properties":{"hsi":0}},{"type":"Feature","id":12705,"geometry":{"type":"Point","coordinates":[11.477867,48.157418]},"properties":{"hsi":0}},{"type":"Feature","id":12706,"geometry":{"type":"Point","coordinates":[11.477987,48.157421]},"properties":{"hsi":0.392}},{"type":"Feature","id":12709,"geometry":{"type":"Point","coordinates":[11.477792,48.157484]},"properties":{"hsi":0.782}},{"type":"Feature","id":12710,"geometry":{"type":"Point","coordinates":[11.477839,48.157521]},"properties":{"hsi":0.795}},{"type":"Feature","id":12711,"geometry":{"type":"Point","coordinates":[11.479542,48.157351]},"properties":{"hsi":0.937}},{"type":"Feature","id":12712,"geometry":{"type":"Point","coordinates":[11.479729,48.157377]},"properties":{"hsi":0.845}},{"type":"Feature","id":12713,"geometry":{"type":"Point","coordinates":[11.479974,48.157389]},"properties":{"hsi":0.311}},{"type":"Feature","id":12714,"geometry":{"type":"Point","coordinates":[11.480055,48.157391]},"properties":{"hsi":0.141}},{"type":"Feature","id":12715,"geometry":{"type":"Point","coordinates":[11.479863,48.157389]},"properties":{"hsi":0.582}},{"type":"Feature","id":12716,"geometry":{"type":"Point","coordinates":[11.479561,48.157403]},"properties":{"hsi":0.897}},{"type":"Feature","id":12717,"geometry":{"type":"Point","coordinates":[11.479931,48.157398]},"properties":{"hsi":0.357}},{"type":"Feature","id":12718,"geometry":{"type":"Point","coordinates":[11.479679,48.157401]},"properties":{"hsi":0.625}},{"type":"Feature","id":12719,"geometry":{"type":"Point","coordinates":[11.479629,48.157456]},"properties":{"hsi":0}},{"type":"Feature","id":12720,"geometry":{"type":"Point","coordinates":[11.479824,48.157449]},"properties":{"hsi":0}},{"type":"Feature","id":12721,"geometry":{"type":"Point","coordinates":[11.479536,48.157473]},"properties":{"hsi":0.937}},{"type":"Feature","id":12722,"geometry":{"type":"Point","coordinates":[11.480065,48.157469]},"properties":{"hsi":0}},{"type":"Feature","id":12723,"geometry":{"type":"Point","coordinates":[11.479714,48.157488]},"properties":{"hsi":0}},{"type":"Feature","id":12724,"geometry":{"type":"Point","coordinates":[11.480013,48.157483]},"properties":{"hsi":0}},{"type":"Feature","id":12725,"geometry":{"type":"Point","coordinates":[11.479577,48.157527]},"properties":{"hsi":0.862}},{"type":"Feature","id":12726,"geometry":{"type":"Point","coordinates":[11.479884,48.157524]},"properties":{"hsi":0}},{"type":"Feature","id":12727,"geometry":{"type":"Point","coordinates":[11.479871,48.157537]},"properties":{"hsi":0}},{"type":"Feature","id":12728,"geometry":{"type":"Point","coordinates":[11.479577,48.157583]},"properties":{"hsi":0.583}},{"type":"Feature","id":12729,"geometry":{"type":"Point","coordinates":[11.479706,48.157617]},"properties":{"hsi":0}},{"type":"Feature","id":12730,"geometry":{"type":"Point","coordinates":[11.479783,48.157629]},"properties":{"hsi":0}},{"type":"Feature","id":12731,"geometry":{"type":"Point","coordinates":[11.479953,48.157632]},"properties":{"hsi":0}},{"type":"Feature","id":12732,"geometry":{"type":"Point","coordinates":[11.479689,48.157645]},"properties":{"hsi":0}},{"type":"Feature","id":12733,"geometry":{"type":"Point","coordinates":[11.479747,48.157653]},"properties":{"hsi":0}},{"type":"Feature","id":12734,"geometry":{"type":"Point","coordinates":[11.479971,48.157653]},"properties":{"hsi":0}},{"type":"Feature","id":12735,"geometry":{"type":"Point","coordinates":[11.480054,48.157652]},"properties":{"hsi":0}},{"type":"Feature","id":12736,"geometry":{"type":"Point","coordinates":[11.479566,48.157667]},"properties":{"hsi":0}},{"type":"Feature","id":12737,"geometry":{"type":"Point","coordinates":[11.479857,48.15767]},"properties":{"hsi":0}},{"type":"Feature","id":12738,"geometry":{"type":"Point","coordinates":[11.479767,48.15767]},"properties":{"hsi":0}},{"type":"Feature","id":12739,"geometry":{"type":"Point","coordinates":[11.479887,48.157675]},"properties":{"hsi":0}},{"type":"Feature","id":12740,"geometry":{"type":"Point","coordinates":[11.47954,48.157713]},"properties":{"hsi":0}},{"type":"Feature","id":12741,"geometry":{"type":"Point","coordinates":[11.479602,48.157722]},"properties":{"hsi":0}},{"type":"Feature","id":12742,"geometry":{"type":"Point","coordinates":[11.479537,48.157731]},"properties":{"hsi":0}},{"type":"Feature","id":12743,"geometry":{"type":"Point","coordinates":[11.479672,48.157728]},"properties":{"hsi":0}},{"type":"Feature","id":12744,"geometry":{"type":"Point","coordinates":[11.480183,48.157389]},"properties":{"hsi":0}},{"type":"Feature","id":12745,"geometry":{"type":"Point","coordinates":[11.480344,48.15739]},"properties":{"hsi":0.702}},{"type":"Feature","id":12746,"geometry":{"type":"Point","coordinates":[11.480254,48.157394]},"properties":{"hsi":0.322}},{"type":"Feature","id":12747,"geometry":{"type":"Point","coordinates":[11.480069,48.157433]},"properties":{"hsi":0.367}},{"type":"Feature","id":12748,"geometry":{"type":"Point","coordinates":[11.480164,48.157451]},"properties":{"hsi":0}},{"type":"Feature","id":12749,"geometry":{"type":"Point","coordinates":[11.480122,48.157455]},"properties":{"hsi":0.424}},{"type":"Feature","id":12750,"geometry":{"type":"Point","coordinates":[11.480878,48.157474]},"properties":{"hsi":0}},{"type":"Feature","id":12751,"geometry":{"type":"Point","coordinates":[11.480857,48.157478]},"properties":{"hsi":0}},{"type":"Feature","id":12752,"geometry":{"type":"Point","coordinates":[11.480863,48.157498]},"properties":{"hsi":0}},{"type":"Feature","id":12753,"geometry":{"type":"Point","coordinates":[11.480907,48.157507]},"properties":{"hsi":0}},{"type":"Feature","id":12754,"geometry":{"type":"Point","coordinates":[11.48085,48.157522]},"properties":{"hsi":0}},{"type":"Feature","id":12755,"geometry":{"type":"Point","coordinates":[11.480842,48.157566]},"properties":{"hsi":0}},{"type":"Feature","id":12756,"geometry":{"type":"Point","coordinates":[11.48092,48.157583]},"properties":{"hsi":0}},{"type":"Feature","id":12757,"geometry":{"type":"Point","coordinates":[11.480361,48.157632]},"properties":{"hsi":0}},{"type":"Feature","id":12758,"geometry":{"type":"Point","coordinates":[11.480928,48.15764]},"properties":{"hsi":0}},{"type":"Feature","id":12759,"geometry":{"type":"Point","coordinates":[11.480829,48.15765]},"properties":{"hsi":0}},{"type":"Feature","id":12760,"geometry":{"type":"Point","coordinates":[11.480386,48.157662]},"properties":{"hsi":0}},{"type":"Feature","id":12761,"geometry":{"type":"Point","coordinates":[11.480289,48.157688]},"properties":{"hsi":0}},{"type":"Feature","id":12762,"geometry":{"type":"Point","coordinates":[11.480382,48.15769]},"properties":{"hsi":0}},{"type":"Feature","id":12763,"geometry":{"type":"Point","coordinates":[11.480825,48.157696]},"properties":{"hsi":0}},{"type":"Feature","id":12764,"geometry":{"type":"Point","coordinates":[11.480913,48.157701]},"properties":{"hsi":0}},{"type":"Feature","id":12765,"geometry":{"type":"Point","coordinates":[11.480813,48.157726]},"properties":{"hsi":0}},{"type":"Feature","id":12766,"geometry":{"type":"Point","coordinates":[11.480918,48.157729]},"properties":{"hsi":0}},{"type":"Feature","id":12767,"geometry":{"type":"Point","coordinates":[11.480814,48.157759]},"properties":{"hsi":0}},{"type":"Feature","id":12768,"geometry":{"type":"Point","coordinates":[11.48091,48.157763]},"properties":{"hsi":0}},{"type":"Feature","id":12769,"geometry":{"type":"Point","coordinates":[11.480346,48.157786]},"properties":{"hsi":0.461}},{"type":"Feature","id":12770,"geometry":{"type":"Point","coordinates":[11.480801,48.157788]},"properties":{"hsi":0}},{"type":"Feature","id":12771,"geometry":{"type":"Point","coordinates":[11.480904,48.1578]},"properties":{"hsi":0}},{"type":"Feature","id":12772,"geometry":{"type":"Point","coordinates":[11.480095,48.157821]},"properties":{"hsi":0}},{"type":"Feature","id":12773,"geometry":{"type":"Point","coordinates":[11.480782,48.157809]},"properties":{"hsi":0}},{"type":"Feature","id":12774,"geometry":{"type":"Point","coordinates":[11.480153,48.157829]},"properties":{"hsi":0}},{"type":"Feature","id":12775,"geometry":{"type":"Point","coordinates":[11.480771,48.15783]},"properties":{"hsi":0}},{"type":"Feature","id":12776,"geometry":{"type":"Point","coordinates":[11.480327,48.157841]},"properties":{"hsi":0}},{"type":"Feature","id":12811,"geometry":{"type":"Point","coordinates":[11.477804,48.157637]},"properties":{"hsi":0.799}},{"type":"Feature","id":12812,"geometry":{"type":"Point","coordinates":[11.477963,48.157671]},"properties":{"hsi":0.901}},{"type":"Feature","id":12815,"geometry":{"type":"Point","coordinates":[11.477747,48.157693]},"properties":{"hsi":0.773}},{"type":"Feature","id":12816,"geometry":{"type":"Point","coordinates":[11.477835,48.157703]},"properties":{"hsi":0.829}},{"type":"Feature","id":12821,"geometry":{"type":"Point","coordinates":[11.47781,48.15777]},"properties":{"hsi":0}},{"type":"Feature","id":12822,"geometry":{"type":"Point","coordinates":[11.477814,48.157794]},"properties":{"hsi":0}},{"type":"Feature","id":12824,"geometry":{"type":"Point","coordinates":[11.477928,48.157813]},"properties":{"hsi":0}},{"type":"Feature","id":12825,"geometry":{"type":"Point","coordinates":[11.477813,48.15782]},"properties":{"hsi":0}},{"type":"Feature","id":12827,"geometry":{"type":"Point","coordinates":[11.477987,48.157842]},"properties":{"hsi":0}},{"type":"Feature","id":12828,"geometry":{"type":"Point","coordinates":[11.477961,48.157933]},"properties":{"hsi":0}},{"type":"Feature","id":12829,"geometry":{"type":"Point","coordinates":[11.47796,48.157965]},"properties":{"hsi":0}},{"type":"Feature","id":12830,"geometry":{"type":"Point","coordinates":[11.47792,48.15798]},"properties":{"hsi":0}},{"type":"Feature","id":12831,"geometry":{"type":"Point","coordinates":[11.47803,48.157725]},"properties":{"hsi":0.349}},{"type":"Feature","id":12832,"geometry":{"type":"Point","coordinates":[11.478089,48.157744]},"properties":{"hsi":0.642}},{"type":"Feature","id":12833,"geometry":{"type":"Point","coordinates":[11.478163,48.15775]},"properties":{"hsi":0}},{"type":"Feature","id":12834,"geometry":{"type":"Point","coordinates":[11.478063,48.157775]},"properties":{"hsi":0}},{"type":"Feature","id":12835,"geometry":{"type":"Point","coordinates":[11.47814,48.157778]},"properties":{"hsi":0.622}},{"type":"Feature","id":12836,"geometry":{"type":"Point","coordinates":[11.478092,48.157811]},"properties":{"hsi":0.432}},{"type":"Feature","id":12837,"geometry":{"type":"Point","coordinates":[11.478045,48.157815]},"properties":{"hsi":0.611}},{"type":"Feature","id":12838,"geometry":{"type":"Point","coordinates":[11.478155,48.157842]},"properties":{"hsi":0.506}},{"type":"Feature","id":12839,"geometry":{"type":"Point","coordinates":[11.478068,48.157876]},"properties":{"hsi":0.677}},{"type":"Feature","id":12840,"geometry":{"type":"Point","coordinates":[11.478135,48.157889]},"properties":{"hsi":0.686}},{"type":"Feature","id":12841,"geometry":{"type":"Point","coordinates":[11.478106,48.157945]},"properties":{"hsi":0.775}},{"type":"Feature","id":12842,"geometry":{"type":"Point","coordinates":[11.478164,48.158039]},"properties":{"hsi":0.895}},{"type":"Feature","id":12843,"geometry":{"type":"Point","coordinates":[11.478059,48.15805]},"properties":{"hsi":0.896}},{"type":"Feature","id":12844,"geometry":{"type":"Point","coordinates":[11.478367,48.158063]},"properties":{"hsi":0.752}},{"type":"Feature","id":12845,"geometry":{"type":"Point","coordinates":[11.478429,48.15808]},"properties":{"hsi":0.538}},{"type":"Feature","id":12846,"geometry":{"type":"Point","coordinates":[11.478579,48.158229]},"properties":{"hsi":0.885}},{"type":"Feature","id":12847,"geometry":{"type":"Point","coordinates":[11.478047,48.15825]},"properties":{"hsi":0}},{"type":"Feature","id":12848,"geometry":{"type":"Point","coordinates":[11.478512,48.158267]},"properties":{"hsi":0.627}},{"type":"Feature","id":12849,"geometry":{"type":"Point","coordinates":[11.478462,48.158308]},"properties":{"hsi":0.767}},{"type":"Feature","id":12850,"geometry":{"type":"Point","coordinates":[11.478077,48.157696]},"properties":{"hsi":0.326}},{"type":"Feature","id":12851,"geometry":{"type":"Point","coordinates":[11.478111,48.157684]},"properties":{"hsi":0}},{"type":"Feature","id":12852,"geometry":{"type":"Point","coordinates":[11.478153,48.157753]},"properties":{"hsi":0}},{"type":"Feature","id":12853,"geometry":{"type":"Point","coordinates":[11.478169,48.157713]},"properties":{"hsi":0.573}},{"type":"Feature","id":12854,"geometry":{"type":"Point","coordinates":[11.478853,48.157677]},"properties":{"hsi":0.897}},{"type":"Feature","id":12855,"geometry":{"type":"Point","coordinates":[11.479119,48.157683]},"properties":{"hsi":0.842}},{"type":"Feature","id":12856,"geometry":{"type":"Point","coordinates":[11.479323,48.157692]},"properties":{"hsi":0}},{"type":"Feature","id":12857,"geometry":{"type":"Point","coordinates":[11.479406,48.157698]},"properties":{"hsi":0}},{"type":"Feature","id":12858,"geometry":{"type":"Point","coordinates":[11.479027,48.157711]},"properties":{"hsi":0.756}},{"type":"Feature","id":12859,"geometry":{"type":"Point","coordinates":[11.479122,48.157723]},"properties":{"hsi":0.6}},{"type":"Feature","id":12860,"geometry":{"type":"Point","coordinates":[11.478903,48.157733]},"properties":{"hsi":0.797}},{"type":"Feature","id":12861,"geometry":{"type":"Point","coordinates":[11.479372,48.157735]},"properties":{"hsi":0}},{"type":"Feature","id":12862,"geometry":{"type":"Point","coordinates":[11.479402,48.157742]},"properties":{"hsi":0}},{"type":"Feature","id":12863,"geometry":{"type":"Point","coordinates":[11.479313,48.157743]},"properties":{"hsi":0}},{"type":"Feature","id":12864,"geometry":{"type":"Point","coordinates":[11.479315,48.157762]},"properties":{"hsi":0}},{"type":"Feature","id":12865,"geometry":{"type":"Point","coordinates":[11.479318,48.157786]},"properties":{"hsi":0}},{"type":"Feature","id":12866,"geometry":{"type":"Point","coordinates":[11.47903,48.157801]},"properties":{"hsi":0.921}},{"type":"Feature","id":12867,"geometry":{"type":"Point","coordinates":[11.479319,48.157811]},"properties":{"hsi":0}},{"type":"Feature","id":12868,"geometry":{"type":"Point","coordinates":[11.478933,48.157829]},"properties":{"hsi":0.711}},{"type":"Feature","id":12869,"geometry":{"type":"Point","coordinates":[11.479343,48.157829]},"properties":{"hsi":0}},{"type":"Feature","id":12870,"geometry":{"type":"Point","coordinates":[11.479367,48.15784]},"properties":{"hsi":0}},{"type":"Feature","id":12871,"geometry":{"type":"Point","coordinates":[11.479404,48.157843]},"properties":{"hsi":0}},{"type":"Feature","id":12872,"geometry":{"type":"Point","coordinates":[11.479326,48.157853]},"properties":{"hsi":0}},{"type":"Feature","id":12873,"geometry":{"type":"Point","coordinates":[11.478859,48.15786]},"properties":{"hsi":0}},{"type":"Feature","id":12874,"geometry":{"type":"Point","coordinates":[11.479082,48.157892]},"properties":{"hsi":0.904}},{"type":"Feature","id":12875,"geometry":{"type":"Point","coordinates":[11.478924,48.157895]},"properties":{"hsi":0.501}},{"type":"Feature","id":12876,"geometry":{"type":"Point","coordinates":[11.478983,48.157899]},"properties":{"hsi":0.828}},{"type":"Feature","id":12877,"geometry":{"type":"Point","coordinates":[11.478972,48.157962]},"properties":{"hsi":0.748}},{"type":"Feature","id":12878,"geometry":{"type":"Point","coordinates":[11.479335,48.157964]},"properties":{"hsi":0}},{"type":"Feature","id":12879,"geometry":{"type":"Point","coordinates":[11.479096,48.157974]},"properties":{"hsi":0.903}},{"type":"Feature","id":12880,"geometry":{"type":"Point","coordinates":[11.478769,48.157991]},"properties":{"hsi":0.824}},{"type":"Feature","id":12881,"geometry":{"type":"Point","coordinates":[11.478927,48.158005]},"properties":{"hsi":0.775}},{"type":"Feature","id":12882,"geometry":{"type":"Point","coordinates":[11.479021,48.15803]},"properties":{"hsi":0.784}},{"type":"Feature","id":12883,"geometry":{"type":"Point","coordinates":[11.478836,48.158052]},"properties":{"hsi":0.769}},{"type":"Feature","id":12884,"geometry":{"type":"Point","coordinates":[11.478954,48.158051]},"properties":{"hsi":0.561}},{"type":"Feature","id":12885,"geometry":{"type":"Point","coordinates":[11.479115,48.158058]},"properties":{"hsi":0.866}},{"type":"Feature","id":12886,"geometry":{"type":"Point","coordinates":[11.478888,48.158081]},"properties":{"hsi":0.754}},{"type":"Feature","id":12887,"geometry":{"type":"Point","coordinates":[11.479816,48.157743]},"properties":{"hsi":0}},{"type":"Feature","id":12888,"geometry":{"type":"Point","coordinates":[11.4799,48.157754]},"properties":{"hsi":0}},{"type":"Feature","id":12889,"geometry":{"type":"Point","coordinates":[11.479858,48.157758]},"properties":{"hsi":0}},{"type":"Feature","id":12890,"geometry":{"type":"Point","coordinates":[11.47958,48.157768]},"properties":{"hsi":0}},{"type":"Feature","id":12891,"geometry":{"type":"Point","coordinates":[11.479999,48.157758]},"properties":{"hsi":0}},{"type":"Feature","id":12892,"geometry":{"type":"Point","coordinates":[11.47994,48.157764]},"properties":{"hsi":0}},{"type":"Feature","id":12893,"geometry":{"type":"Point","coordinates":[11.480042,48.157774]},"properties":{"hsi":0}},{"type":"Feature","id":12894,"geometry":{"type":"Point","coordinates":[11.479845,48.157788]},"properties":{"hsi":0}},{"type":"Feature","id":12895,"geometry":{"type":"Point","coordinates":[11.479953,48.157801]},"properties":{"hsi":0}},{"type":"Feature","id":12896,"geometry":{"type":"Point","coordinates":[11.479575,48.15782]},"properties":{"hsi":0}},{"type":"Feature","id":12897,"geometry":{"type":"Point","coordinates":[11.480012,48.157809]},"properties":{"hsi":0}},{"type":"Feature","id":12898,"geometry":{"type":"Point","coordinates":[11.479616,48.157826]},"properties":{"hsi":0}},{"type":"Feature","id":12899,"geometry":{"type":"Point","coordinates":[11.479764,48.157835]},"properties":{"hsi":0}},{"type":"Feature","id":12900,"geometry":{"type":"Point","coordinates":[11.47956,48.157841]},"properties":{"hsi":0}},{"type":"Feature","id":12901,"geometry":{"type":"Point","coordinates":[11.479848,48.157835]},"properties":{"hsi":0}},{"type":"Feature","id":12902,"geometry":{"type":"Point","coordinates":[11.479933,48.15784]},"properties":{"hsi":0}},{"type":"Feature","id":12903,"geometry":{"type":"Point","coordinates":[11.479637,48.157854]},"properties":{"hsi":0}},{"type":"Feature","id":12904,"geometry":{"type":"Point","coordinates":[11.479824,48.157844]},"properties":{"hsi":0}},{"type":"Feature","id":12905,"geometry":{"type":"Point","coordinates":[11.479755,48.15786]},"properties":{"hsi":0}},{"type":"Feature","id":12906,"geometry":{"type":"Point","coordinates":[11.479976,48.157856]},"properties":{"hsi":0}},{"type":"Feature","id":12907,"geometry":{"type":"Point","coordinates":[11.47971,48.15786]},"properties":{"hsi":0}},{"type":"Feature","id":12908,"geometry":{"type":"Point","coordinates":[11.480037,48.157854]},"properties":{"hsi":0}},{"type":"Feature","id":12909,"geometry":{"type":"Point","coordinates":[11.479866,48.157871]},"properties":{"hsi":0}},{"type":"Feature","id":12910,"geometry":{"type":"Point","coordinates":[11.479902,48.157882]},"properties":{"hsi":0}},{"type":"Feature","id":12911,"geometry":{"type":"Point","coordinates":[11.479701,48.157904]},"properties":{"hsi":0}},{"type":"Feature","id":12912,"geometry":{"type":"Point","coordinates":[11.479619,48.157902]},"properties":{"hsi":0}},{"type":"Feature","id":12913,"geometry":{"type":"Point","coordinates":[11.479931,48.157909]},"properties":{"hsi":0}},{"type":"Feature","id":12914,"geometry":{"type":"Point","coordinates":[11.479981,48.157943]},"properties":{"hsi":0}},{"type":"Feature","id":12915,"geometry":{"type":"Point","coordinates":[11.480035,48.15797]},"properties":{"hsi":0.723}},{"type":"Feature","id":12916,"geometry":{"type":"Point","coordinates":[11.480084,48.158011]},"properties":{"hsi":0.658}},{"type":"Feature","id":12917,"geometry":{"type":"Point","coordinates":[11.47988,48.158029]},"properties":{"hsi":0.492}},{"type":"Feature","id":12918,"geometry":{"type":"Point","coordinates":[11.479812,48.158039]},"properties":{"hsi":0}},{"type":"Feature","id":12919,"geometry":{"type":"Point","coordinates":[11.479715,48.158043]},"properties":{"hsi":0}},{"type":"Feature","id":12920,"geometry":{"type":"Point","coordinates":[11.479919,48.158057]},"properties":{"hsi":0.348}},{"type":"Feature","id":12921,"geometry":{"type":"Point","coordinates":[11.479588,48.15807]},"properties":{"hsi":0}},{"type":"Feature","id":12922,"geometry":{"type":"Point","coordinates":[11.480907,48.157843]},"properties":{"hsi":0}},{"type":"Feature","id":12923,"geometry":{"type":"Point","coordinates":[11.480741,48.157851]},"properties":{"hsi":0}},{"type":"Feature","id":12924,"geometry":{"type":"Point","coordinates":[11.480766,48.157868]},"properties":{"hsi":0}},{"type":"Feature","id":12925,"geometry":{"type":"Point","coordinates":[11.480308,48.157881]},"properties":{"hsi":0}},{"type":"Feature","id":12926,"geometry":{"type":"Point","coordinates":[11.480209,48.157885]},"properties":{"hsi":0}},{"type":"Feature","id":12927,"geometry":{"type":"Point","coordinates":[11.480791,48.157882]},"properties":{"hsi":0}},{"type":"Feature","id":12928,"geometry":{"type":"Point","coordinates":[11.480904,48.157886]},"properties":{"hsi":0}},{"type":"Feature","id":12929,"geometry":{"type":"Point","coordinates":[11.480218,48.15791]},"properties":{"hsi":0}},{"type":"Feature","id":12930,"geometry":{"type":"Point","coordinates":[11.480739,48.157911]},"properties":{"hsi":0}},{"type":"Feature","id":12931,"geometry":{"type":"Point","coordinates":[11.480897,48.157913]},"properties":{"hsi":0}},{"type":"Feature","id":12932,"geometry":{"type":"Point","coordinates":[11.480889,48.157949]},"properties":{"hsi":0}},{"type":"Feature","id":12933,"geometry":{"type":"Point","coordinates":[11.480764,48.157946]},"properties":{"hsi":0}},{"type":"Feature","id":12934,"geometry":{"type":"Point","coordinates":[11.480159,48.157962]},"properties":{"hsi":0.931}},{"type":"Feature","id":12935,"geometry":{"type":"Point","coordinates":[11.480275,48.15796]},"properties":{"hsi":0}},{"type":"Feature","id":12936,"geometry":{"type":"Point","coordinates":[11.480738,48.157965]},"properties":{"hsi":0}},{"type":"Feature","id":12937,"geometry":{"type":"Point","coordinates":[11.480725,48.157986]},"properties":{"hsi":0}},{"type":"Feature","id":12938,"geometry":{"type":"Point","coordinates":[11.480266,48.158005]},"properties":{"hsi":0}},{"type":"Feature","id":12939,"geometry":{"type":"Point","coordinates":[11.480891,48.158001]},"properties":{"hsi":0}},{"type":"Feature","id":12940,"geometry":{"type":"Point","coordinates":[11.48024,48.158029]},"properties":{"hsi":0.313}},{"type":"Feature","id":12941,"geometry":{"type":"Point","coordinates":[11.480163,48.158034]},"properties":{"hsi":0.623}},{"type":"Feature","id":12942,"geometry":{"type":"Point","coordinates":[11.480886,48.15804]},"properties":{"hsi":0}},{"type":"Feature","id":12943,"geometry":{"type":"Point","coordinates":[11.480691,48.158057]},"properties":{"hsi":0}},{"type":"Feature","id":12944,"geometry":{"type":"Point","coordinates":[11.480248,48.158067]},"properties":{"hsi":0}},{"type":"Feature","id":12945,"geometry":{"type":"Point","coordinates":[11.480164,48.158091]},"properties":{"hsi":0.506}},{"type":"Feature","id":12946,"geometry":{"type":"Point","coordinates":[11.480221,48.158086]},"properties":{"hsi":0}},{"type":"Feature","id":12947,"geometry":{"type":"Point","coordinates":[11.480869,48.15808]},"properties":{"hsi":0}},{"type":"Feature","id":12948,"geometry":{"type":"Point","coordinates":[11.477948,48.158092]},"properties":{"hsi":0.819}},{"type":"Feature","id":12950,"geometry":{"type":"Point","coordinates":[11.477817,48.158147]},"properties":{"hsi":0.91}},{"type":"Feature","id":12954,"geometry":{"type":"Point","coordinates":[11.47776,48.158203]},"properties":{"hsi":0.624}},{"type":"Feature","id":12956,"geometry":{"type":"Point","coordinates":[11.477952,48.158224]},"properties":{"hsi":0.797}},{"type":"Feature","id":12957,"geometry":{"type":"Point","coordinates":[11.477843,48.158246]},"properties":{"hsi":0.858}},{"type":"Feature","id":12958,"geometry":{"type":"Point","coordinates":[11.477734,48.158258]},"properties":{"hsi":0.661}},{"type":"Feature","id":12959,"geometry":{"type":"Point","coordinates":[11.478018,48.158278]},"properties":{"hsi":0.566}},{"type":"Feature","id":12960,"geometry":{"type":"Point","coordinates":[11.477978,48.158313]},"properties":{"hsi":0.576}},{"type":"Feature","id":12961,"geometry":{"type":"Point","coordinates":[11.477718,48.158318]},"properties":{"hsi":0.743}},{"type":"Feature","id":12962,"geometry":{"type":"Point","coordinates":[11.477828,48.158319]},"properties":{"hsi":0.688}},{"type":"Feature","id":12963,"geometry":{"type":"Point","coordinates":[11.47792,48.158326]},"properties":{"hsi":0.68}},{"type":"Feature","id":12965,"geometry":{"type":"Point","coordinates":[11.479656,48.158076]},"properties":{"hsi":0}},{"type":"Feature","id":12966,"geometry":{"type":"Point","coordinates":[11.47897,48.158098]},"properties":{"hsi":0.752}},{"type":"Feature","id":12967,"geometry":{"type":"Point","coordinates":[11.480066,48.158074]},"properties":{"hsi":0.623}},{"type":"Feature","id":12968,"geometry":{"type":"Point","coordinates":[11.479049,48.158106]},"properties":{"hsi":0.789}},{"type":"Feature","id":12969,"geometry":{"type":"Point","coordinates":[11.479862,48.158085]},"properties":{"hsi":0.338}},{"type":"Feature","id":12970,"geometry":{"type":"Point","coordinates":[11.479789,48.158089]},"properties":{"hsi":0}},{"type":"Feature","id":12971,"geometry":{"type":"Point","coordinates":[11.479937,48.158098]},"properties":{"hsi":0}},{"type":"Feature","id":12972,"geometry":{"type":"Point","coordinates":[11.479689,48.158111]},"properties":{"hsi":0}},{"type":"Feature","id":12973,"geometry":{"type":"Point","coordinates":[11.479936,48.158136]},"properties":{"hsi":0}},{"type":"Feature","id":12974,"geometry":{"type":"Point","coordinates":[11.479992,48.158246]},"properties":{"hsi":0.714}},{"type":"Feature","id":12975,"geometry":{"type":"Point","coordinates":[11.479911,48.158286]},"properties":{"hsi":0.715}},{"type":"Feature","id":12976,"geometry":{"type":"Point","coordinates":[11.479961,48.158478]},"properties":{"hsi":0}},{"type":"Feature","id":12977,"geometry":{"type":"Point","coordinates":[11.479408,48.158769]},"properties":{"hsi":0}},{"type":"Feature","id":12978,"geometry":{"type":"Point","coordinates":[11.479523,48.158787]},"properties":{"hsi":0}},{"type":"Feature","id":12979,"geometry":{"type":"Point","coordinates":[11.479237,48.158802]},"properties":{"hsi":0}},{"type":"Feature","id":12980,"geometry":{"type":"Point","coordinates":[11.479558,48.158808]},"properties":{"hsi":0}},{"type":"Feature","id":12981,"geometry":{"type":"Point","coordinates":[11.479621,48.158808]},"properties":{"hsi":0}},{"type":"Feature","id":12982,"geometry":{"type":"Point","coordinates":[11.479277,48.15884]},"properties":{"hsi":0}},{"type":"Feature","id":12983,"geometry":{"type":"Point","coordinates":[11.479568,48.15883]},"properties":{"hsi":0}},{"type":"Feature","id":12984,"geometry":{"type":"Point","coordinates":[11.47919,48.158892]},"properties":{"hsi":0}},{"type":"Feature","id":12985,"geometry":{"type":"Point","coordinates":[11.479195,48.158926]},"properties":{"hsi":0}},{"type":"Feature","id":12986,"geometry":{"type":"Point","coordinates":[11.479538,48.158931]},"properties":{"hsi":0}},{"type":"Feature","id":12987,"geometry":{"type":"Point","coordinates":[11.480664,48.158091]},"properties":{"hsi":0}},{"type":"Feature","id":12988,"geometry":{"type":"Point","coordinates":[11.480846,48.158117]},"properties":{"hsi":0}},{"type":"Feature","id":12989,"geometry":{"type":"Point","coordinates":[11.48088,48.158141]},"properties":{"hsi":0}},{"type":"Feature","id":12990,"geometry":{"type":"Point","coordinates":[11.480917,48.158157]},"properties":{"hsi":0}},{"type":"Feature","id":12991,"geometry":{"type":"Point","coordinates":[11.480707,48.158182]},"properties":{"hsi":0}},{"type":"Feature","id":12992,"geometry":{"type":"Point","coordinates":[11.480861,48.158173]},"properties":{"hsi":0}},{"type":"Feature","id":12993,"geometry":{"type":"Point","coordinates":[11.480639,48.158197]},"properties":{"hsi":0}},{"type":"Feature","id":12994,"geometry":{"type":"Point","coordinates":[11.480739,48.158189]},"properties":{"hsi":0}},{"type":"Feature","id":12995,"geometry":{"type":"Point","coordinates":[11.480902,48.158191]},"properties":{"hsi":0}},{"type":"Feature","id":12996,"geometry":{"type":"Point","coordinates":[11.480878,48.158215]},"properties":{"hsi":0}},{"type":"Feature","id":12997,"geometry":{"type":"Point","coordinates":[11.480906,48.158317]},"properties":{"hsi":0}},{"type":"Feature","id":12998,"geometry":{"type":"Point","coordinates":[11.480577,48.158343]},"properties":{"hsi":0}},{"type":"Feature","id":12999,"geometry":{"type":"Point","coordinates":[11.480563,48.158373]},"properties":{"hsi":0}},{"type":"Feature","id":13000,"geometry":{"type":"Point","coordinates":[11.480547,48.158407]},"properties":{"hsi":0}},{"type":"Feature","id":13001,"geometry":{"type":"Point","coordinates":[11.480874,48.158422]},"properties":{"hsi":0.631}},{"type":"Feature","id":13002,"geometry":{"type":"Point","coordinates":[11.480621,48.158426]},"properties":{"hsi":0}},{"type":"Feature","id":13003,"geometry":{"type":"Point","coordinates":[11.48053,48.158437]},"properties":{"hsi":0}},{"type":"Feature","id":13004,"geometry":{"type":"Point","coordinates":[11.480597,48.158437]},"properties":{"hsi":0}},{"type":"Feature","id":13005,"geometry":{"type":"Point","coordinates":[11.480894,48.158467]},"properties":{"hsi":0}},{"type":"Feature","id":13006,"geometry":{"type":"Point","coordinates":[11.480525,48.158477]},"properties":{"hsi":0}},{"type":"Feature","id":13007,"geometry":{"type":"Point","coordinates":[11.480701,48.158734]},"properties":{"hsi":0}},{"type":"Feature","id":13008,"geometry":{"type":"Point","coordinates":[11.480592,48.15877]},"properties":{"hsi":0}},{"type":"Feature","id":13009,"geometry":{"type":"Point","coordinates":[11.480715,48.158768]},"properties":{"hsi":0}},{"type":"Feature","id":13010,"geometry":{"type":"Point","coordinates":[11.480649,48.158774]},"properties":{"hsi":0}},{"type":"Feature","id":13011,"geometry":{"type":"Point","coordinates":[11.4807,48.158799]},"properties":{"hsi":0}},{"type":"Feature","id":13012,"geometry":{"type":"Point","coordinates":[11.480617,48.158799]},"properties":{"hsi":0}},{"type":"Feature","id":13013,"geometry":{"type":"Point","coordinates":[11.480689,48.158854]},"properties":{"hsi":0}},{"type":"Feature","id":13014,"geometry":{"type":"Point","coordinates":[11.480559,48.15886]},"properties":{"hsi":0}},{"type":"Feature","id":13015,"geometry":{"type":"Point","coordinates":[11.480651,48.158899]},"properties":{"hsi":0}},{"type":"Feature","id":13016,"geometry":{"type":"Point","coordinates":[11.480579,48.158912]},"properties":{"hsi":0}},{"type":"Feature","id":13762,"geometry":{"type":"Point","coordinates":[11.481267,48.158862]},"properties":{"hsi":0}},{"type":"Feature","id":13763,"geometry":{"type":"Point","coordinates":[11.481292,48.159041]},"properties":{"hsi":0.426}},{"type":"Feature","id":13769,"geometry":{"type":"Point","coordinates":[11.481356,48.158937]},"properties":{"hsi":0}},{"type":"Feature","id":13770,"geometry":{"type":"Point","coordinates":[11.481353,48.158859]},"properties":{"hsi":0}},{"type":"Feature","id":13772,"geometry":{"type":"Point","coordinates":[11.481377,48.158998]},"properties":{"hsi":0}},{"type":"Feature","id":13774,"geometry":{"type":"Point","coordinates":[11.481389,48.159032]},"properties":{"hsi":0}},{"type":"Feature","id":13776,"geometry":{"type":"Point","coordinates":[11.481396,48.159071]},"properties":{"hsi":0}},{"type":"Feature","id":13779,"geometry":{"type":"Point","coordinates":[11.481352,48.158838]},"properties":{"hsi":0}},{"type":"Feature","id":13780,"geometry":{"type":"Point","coordinates":[11.481262,48.158809]},"properties":{"hsi":0}},{"type":"Feature","id":13781,"geometry":{"type":"Point","coordinates":[11.481317,48.158171]},"properties":{"hsi":0}},{"type":"Feature","id":13782,"geometry":{"type":"Point","coordinates":[11.481333,48.158732]},"properties":{"hsi":0}},{"type":"Feature","id":13783,"geometry":{"type":"Point","coordinates":[11.481362,48.158698]},"properties":{"hsi":0}},{"type":"Feature","id":13784,"geometry":{"type":"Point","coordinates":[11.481315,48.15812]},"properties":{"hsi":0}},{"type":"Feature","id":13785,"geometry":{"type":"Point","coordinates":[11.481315,48.158088]},"properties":{"hsi":0}},{"type":"Feature","id":13786,"geometry":{"type":"Point","coordinates":[11.481291,48.157959]},"properties":{"hsi":0}},{"type":"Feature","id":13787,"geometry":{"type":"Point","coordinates":[11.481297,48.157923]},"properties":{"hsi":0}},{"type":"Feature","id":13788,"geometry":{"type":"Point","coordinates":[11.481302,48.157886]},"properties":{"hsi":0}},{"type":"Feature","id":13789,"geometry":{"type":"Point","coordinates":[11.48131,48.157843]},"properties":{"hsi":0}},{"type":"Feature","id":13790,"geometry":{"type":"Point","coordinates":[11.481317,48.157794]},"properties":{"hsi":0}},{"type":"Feature","id":13791,"geometry":{"type":"Point","coordinates":[11.481324,48.157751]},"properties":{"hsi":0}},{"type":"Feature","id":13792,"geometry":{"type":"Point","coordinates":[11.481333,48.157701]},"properties":{"hsi":0}},{"type":"Feature","id":13861,"geometry":{"type":"Point","coordinates":[11.482564,48.157946]},"properties":{"hsi":0.787}},{"type":"Feature","id":13862,"geometry":{"type":"Point","coordinates":[11.482672,48.157969]},"properties":{"hsi":0.752}},{"type":"Feature","id":13863,"geometry":{"type":"Point","coordinates":[11.483572,48.157954]},"properties":{"hsi":0.758}},{"type":"Feature","id":13864,"geometry":{"type":"Point","coordinates":[11.482733,48.158007]},"properties":{"hsi":0.704}},{"type":"Feature","id":13865,"geometry":{"type":"Point","coordinates":[11.483658,48.157989]},"properties":{"hsi":0.863}},{"type":"Feature","id":13866,"geometry":{"type":"Point","coordinates":[11.483548,48.157999]},"properties":{"hsi":0.802}},{"type":"Feature","id":13867,"geometry":{"type":"Point","coordinates":[11.483462,48.158005]},"properties":{"hsi":0.938}},{"type":"Feature","id":13868,"geometry":{"type":"Point","coordinates":[11.482604,48.158053]},"properties":{"hsi":1}},{"type":"Feature","id":13869,"geometry":{"type":"Point","coordinates":[11.4827,48.158058]},"properties":{"hsi":0.725}},{"type":"Feature","id":13870,"geometry":{"type":"Point","coordinates":[11.48359,48.158061]},"properties":{"hsi":0.659}},{"type":"Feature","id":13871,"geometry":{"type":"Point","coordinates":[11.482728,48.158084]},"properties":{"hsi":0}},{"type":"Feature","id":13872,"geometry":{"type":"Point","coordinates":[11.483701,48.15807]},"properties":{"hsi":0.868}},{"type":"Feature","id":13873,"geometry":{"type":"Point","coordinates":[11.482772,48.1581]},"properties":{"hsi":0}},{"type":"Feature","id":13874,"geometry":{"type":"Point","coordinates":[11.482697,48.158122]},"properties":{"hsi":0}},{"type":"Feature","id":13875,"geometry":{"type":"Point","coordinates":[11.483592,48.158099]},"properties":{"hsi":0}},{"type":"Feature","id":13876,"geometry":{"type":"Point","coordinates":[11.483738,48.158135]},"properties":{"hsi":0.852}},{"type":"Feature","id":13877,"geometry":{"type":"Point","coordinates":[11.482617,48.158161]},"properties":{"hsi":0.684}},{"type":"Feature","id":13878,"geometry":{"type":"Point","coordinates":[11.482727,48.158224]},"properties":{"hsi":0.958}},{"type":"Feature","id":13879,"geometry":{"type":"Point","coordinates":[11.482827,48.158224]},"properties":{"hsi":0.684}},{"type":"Feature","id":13880,"geometry":{"type":"Point","coordinates":[11.482629,48.158248]},"properties":{"hsi":0.856}},{"type":"Feature","id":13881,"geometry":{"type":"Point","coordinates":[11.483679,48.158261]},"properties":{"hsi":0.962}},{"type":"Feature","id":13882,"geometry":{"type":"Point","coordinates":[11.482685,48.158319]},"properties":{"hsi":0.93}},{"type":"Feature","id":13883,"geometry":{"type":"Point","coordinates":[11.482829,48.158321]},"properties":{"hsi":0.962}},{"type":"Feature","id":13884,"geometry":{"type":"Point","coordinates":[11.482584,48.158349]},"properties":{"hsi":0}},{"type":"Feature","id":13885,"geometry":{"type":"Point","coordinates":[11.483765,48.158363]},"properties":{"hsi":0.967}},{"type":"Feature","id":13886,"geometry":{"type":"Point","coordinates":[11.48267,48.158387]},"properties":{"hsi":0.798}},{"type":"Feature","id":13887,"geometry":{"type":"Point","coordinates":[11.482756,48.158411]},"properties":{"hsi":0.506}},{"type":"Feature","id":13888,"geometry":{"type":"Point","coordinates":[11.482429,48.158001]},"properties":{"hsi":0.871}},{"type":"Feature","id":13889,"geometry":{"type":"Point","coordinates":[11.482531,48.158006]},"properties":{"hsi":0.746}},{"type":"Feature","id":13890,"geometry":{"type":"Point","coordinates":[11.482319,48.158036]},"properties":{"hsi":0.9}},{"type":"Feature","id":13891,"geometry":{"type":"Point","coordinates":[11.482436,48.158087]},"properties":{"hsi":0.8}},{"type":"Feature","id":13892,"geometry":{"type":"Point","coordinates":[11.482522,48.15811]},"properties":{"hsi":0.718}},{"type":"Feature","id":13893,"geometry":{"type":"Point","coordinates":[11.482444,48.158132]},"properties":{"hsi":0}},{"type":"Feature","id":13894,"geometry":{"type":"Point","coordinates":[11.48238,48.15815]},"properties":{"hsi":0}},{"type":"Feature","id":13895,"geometry":{"type":"Point","coordinates":[11.482513,48.158161]},"properties":{"hsi":0.81}},{"type":"Feature","id":13896,"geometry":{"type":"Point","coordinates":[11.482368,48.158181]},"properties":{"hsi":0.207}},{"type":"Feature","id":13897,"geometry":{"type":"Point","coordinates":[11.482445,48.158187]},"properties":{"hsi":0.587}},{"type":"Feature","id":13898,"geometry":{"type":"Point","coordinates":[11.482341,48.15822]},"properties":{"hsi":0.553}},{"type":"Feature","id":13899,"geometry":{"type":"Point","coordinates":[11.482516,48.158229]},"properties":{"hsi":0.717}},{"type":"Feature","id":13900,"geometry":{"type":"Point","coordinates":[11.482373,48.158246]},"properties":{"hsi":0.621}},{"type":"Feature","id":13901,"geometry":{"type":"Point","coordinates":[11.482394,48.158291]},"properties":{"hsi":0.556}},{"type":"Feature","id":13902,"geometry":{"type":"Point","coordinates":[11.482253,48.158294]},"properties":{"hsi":0.673}},{"type":"Feature","id":13903,"geometry":{"type":"Point","coordinates":[11.48248,48.158292]},"properties":{"hsi":0.837}},{"type":"Feature","id":13904,"geometry":{"type":"Point","coordinates":[11.48232,48.158314]},"properties":{"hsi":0.677}},{"type":"Feature","id":13905,"geometry":{"type":"Point","coordinates":[11.482552,48.158323]},"properties":{"hsi":0}},{"type":"Feature","id":13906,"geometry":{"type":"Point","coordinates":[11.482369,48.158351]},"properties":{"hsi":0.241}},{"type":"Feature","id":13907,"geometry":{"type":"Point","coordinates":[11.482423,48.158358]},"properties":{"hsi":0.783}},{"type":"Feature","id":13908,"geometry":{"type":"Point","coordinates":[11.482317,48.158365]},"properties":{"hsi":0}},{"type":"Feature","id":13909,"geometry":{"type":"Point","coordinates":[11.482287,48.158387]},"properties":{"hsi":0.46}},{"type":"Feature","id":13910,"geometry":{"type":"Point","coordinates":[11.482502,48.158392]},"properties":{"hsi":0.906}},{"type":"Feature","id":13911,"geometry":{"type":"Point","coordinates":[11.482371,48.158401]},"properties":{"hsi":0.1}},{"type":"Feature","id":13912,"geometry":{"type":"Point","coordinates":[11.482267,48.158428]},"properties":{"hsi":0}},{"type":"Feature","id":13913,"geometry":{"type":"Point","coordinates":[11.482339,48.158423]},"properties":{"hsi":0.593}},{"type":"Feature","id":13914,"geometry":{"type":"Point","coordinates":[11.482291,48.158467]},"properties":{"hsi":0.655}},{"type":"Feature","id":13915,"geometry":{"type":"Point","coordinates":[11.482427,48.15848]},"properties":{"hsi":0.884}},{"type":"Feature","id":13916,"geometry":{"type":"Point","coordinates":[11.482291,48.15852]},"properties":{"hsi":0.539}},{"type":"Feature","id":13917,"geometry":{"type":"Point","coordinates":[11.482363,48.158545]},"properties":{"hsi":0.663}},{"type":"Feature","id":13918,"geometry":{"type":"Point","coordinates":[11.482407,48.158553]},"properties":{"hsi":0}},{"type":"Feature","id":13919,"geometry":{"type":"Point","coordinates":[11.482293,48.158564]},"properties":{"hsi":0}},{"type":"Feature","id":13920,"geometry":{"type":"Point","coordinates":[11.483793,48.158004]},"properties":{"hsi":0.963}},{"type":"Feature","id":13921,"geometry":{"type":"Point","coordinates":[11.483882,48.158008]},"properties":{"hsi":0.797}},{"type":"Feature","id":13922,"geometry":{"type":"Point","coordinates":[11.484106,48.158009]},"properties":{"hsi":0.776}},{"type":"Feature","id":13923,"geometry":{"type":"Point","coordinates":[11.484415,48.158008]},"properties":{"hsi":0.865}},{"type":"Feature","id":13924,"geometry":{"type":"Point","coordinates":[11.484308,48.158014]},"properties":{"hsi":1}},{"type":"Feature","id":13925,"geometry":{"type":"Point","coordinates":[11.484028,48.158021]},"properties":{"hsi":0.68}},{"type":"Feature","id":13926,"geometry":{"type":"Point","coordinates":[11.484171,48.158027]},"properties":{"hsi":0.328}},{"type":"Feature","id":13927,"geometry":{"type":"Point","coordinates":[11.483964,48.158034]},"properties":{"hsi":0.704}},{"type":"Feature","id":13929,"geometry":{"type":"Point","coordinates":[11.483892,48.158066]},"properties":{"hsi":0.537}},{"type":"Feature","id":13930,"geometry":{"type":"Point","coordinates":[11.484149,48.158084]},"properties":{"hsi":0.88}},{"type":"Feature","id":13931,"geometry":{"type":"Point","coordinates":[11.484035,48.15809]},"properties":{"hsi":0.911}},{"type":"Feature","id":13932,"geometry":{"type":"Point","coordinates":[11.483926,48.158102]},"properties":{"hsi":0.745}},{"type":"Feature","id":13933,"geometry":{"type":"Point","coordinates":[11.483811,48.158108]},"properties":{"hsi":0.952}},{"type":"Feature","id":13934,"geometry":{"type":"Point","coordinates":[11.484368,48.158098]},"properties":{"hsi":1}},{"type":"Feature","id":13935,"geometry":{"type":"Point","coordinates":[11.484102,48.158141]},"properties":{"hsi":0.902}},{"type":"Feature","id":13936,"geometry":{"type":"Point","coordinates":[11.483987,48.158146]},"properties":{"hsi":0.863}},{"type":"Feature","id":13937,"geometry":{"type":"Point","coordinates":[11.484311,48.158144]},"properties":{"hsi":1}},{"type":"Feature","id":13938,"geometry":{"type":"Point","coordinates":[11.483855,48.158162]},"properties":{"hsi":0.673}},{"type":"Feature","id":13939,"geometry":{"type":"Point","coordinates":[11.483922,48.158169]},"properties":{"hsi":0.303}},{"type":"Feature","id":13941,"geometry":{"type":"Point","coordinates":[11.484127,48.158208]},"properties":{"hsi":0.989}},{"type":"Feature","id":13942,"geometry":{"type":"Point","coordinates":[11.48399,48.158215]},"properties":{"hsi":0.985}},{"type":"Feature","id":13943,"geometry":{"type":"Point","coordinates":[11.483817,48.158237]},"properties":{"hsi":0.986}},{"type":"Feature","id":13945,"geometry":{"type":"Point","coordinates":[11.484365,48.158237]},"properties":{"hsi":1}},{"type":"Feature","id":13974,"geometry":{"type":"Point","coordinates":[11.481774,48.158062]},"properties":{"hsi":0}},{"type":"Feature","id":13975,"geometry":{"type":"Point","coordinates":[11.481914,48.158065]},"properties":{"hsi":0.345}},{"type":"Feature","id":13976,"geometry":{"type":"Point","coordinates":[11.481691,48.158095]},"properties":{"hsi":0.629}},{"type":"Feature","id":13977,"geometry":{"type":"Point","coordinates":[11.482039,48.158083]},"properties":{"hsi":1}},{"type":"Feature","id":13978,"geometry":{"type":"Point","coordinates":[11.481852,48.158093]},"properties":{"hsi":0.69}},{"type":"Feature","id":13979,"geometry":{"type":"Point","coordinates":[11.481789,48.158104]},"properties":{"hsi":0}},{"type":"Feature","id":13980,"geometry":{"type":"Point","coordinates":[11.482225,48.158112]},"properties":{"hsi":1}},{"type":"Feature","id":13981,"geometry":{"type":"Point","coordinates":[11.481941,48.158122]},"properties":{"hsi":0.724}},{"type":"Feature","id":13982,"geometry":{"type":"Point","coordinates":[11.481771,48.15813]},"properties":{"hsi":0}},{"type":"Feature","id":13983,"geometry":{"type":"Point","coordinates":[11.481678,48.158148]},"properties":{"hsi":0.499}},{"type":"Feature","id":13984,"geometry":{"type":"Point","coordinates":[11.481813,48.158158]},"properties":{"hsi":0}},{"type":"Feature","id":13985,"geometry":{"type":"Point","coordinates":[11.481734,48.158167]},"properties":{"hsi":0}},{"type":"Feature","id":13986,"geometry":{"type":"Point","coordinates":[11.481863,48.15819]},"properties":{"hsi":0.669}},{"type":"Feature","id":13987,"geometry":{"type":"Point","coordinates":[11.481757,48.158214]},"properties":{"hsi":0.638}},{"type":"Feature","id":13988,"geometry":{"type":"Point","coordinates":[11.482016,48.15822]},"properties":{"hsi":0.906}},{"type":"Feature","id":13989,"geometry":{"type":"Point","coordinates":[11.48223,48.158234]},"properties":{"hsi":0.781}},{"type":"Feature","id":13990,"geometry":{"type":"Point","coordinates":[11.482153,48.158242]},"properties":{"hsi":0.533}},{"type":"Feature","id":13991,"geometry":{"type":"Point","coordinates":[11.481774,48.158256]},"properties":{"hsi":0.728}},{"type":"Feature","id":13992,"geometry":{"type":"Point","coordinates":[11.4819,48.158265]},"properties":{"hsi":0.81}},{"type":"Feature","id":13993,"geometry":{"type":"Point","coordinates":[11.482015,48.158289]},"properties":{"hsi":0}},{"type":"Feature","id":13994,"geometry":{"type":"Point","coordinates":[11.481789,48.158301]},"properties":{"hsi":0.704}},{"type":"Feature","id":13995,"geometry":{"type":"Point","coordinates":[11.4821,48.158307]},"properties":{"hsi":0.87}},{"type":"Feature","id":13996,"geometry":{"type":"Point","coordinates":[11.482205,48.158315]},"properties":{"hsi":0.538}},{"type":"Feature","id":13997,"geometry":{"type":"Point","coordinates":[11.481928,48.158332]},"properties":{"hsi":0.946}},{"type":"Feature","id":13998,"geometry":{"type":"Point","coordinates":[11.481806,48.158357]},"properties":{"hsi":0.639}},{"type":"Feature","id":13999,"geometry":{"type":"Point","coordinates":[11.482104,48.158353]},"properties":{"hsi":0.956}},{"type":"Feature","id":14000,"geometry":{"type":"Point","coordinates":[11.482236,48.158361]},"properties":{"hsi":0.512}},{"type":"Feature","id":14037,"geometry":{"type":"Point","coordinates":[11.483943,48.158302]},"properties":{"hsi":0.919}},{"type":"Feature","id":14039,"geometry":{"type":"Point","coordinates":[11.484258,48.158297]},"properties":{"hsi":0}},{"type":"Feature","id":14040,"geometry":{"type":"Point","coordinates":[11.484129,48.158323]},"properties":{"hsi":1}},{"type":"Feature","id":14041,"geometry":{"type":"Point","coordinates":[11.484291,48.158335]},"properties":{"hsi":0.528}},{"type":"Feature","id":14042,"geometry":{"type":"Point","coordinates":[11.484374,48.158336]},"properties":{"hsi":0.995}},{"type":"Feature","id":14043,"geometry":{"type":"Point","coordinates":[11.483903,48.15835]},"properties":{"hsi":0.995}},{"type":"Feature","id":14045,"geometry":{"type":"Point","coordinates":[11.484252,48.15837]},"properties":{"hsi":0}},{"type":"Feature","id":14046,"geometry":{"type":"Point","coordinates":[11.484012,48.15838]},"properties":{"hsi":0.429}},{"type":"Feature","id":14048,"geometry":{"type":"Point","coordinates":[11.484427,48.158382]},"properties":{"hsi":0}},{"type":"Feature","id":14049,"geometry":{"type":"Point","coordinates":[11.484258,48.158421]},"properties":{"hsi":0.582}},{"type":"Feature","id":14050,"geometry":{"type":"Point","coordinates":[11.48443,48.158414]},"properties":{"hsi":0.827}},{"type":"Feature","id":14051,"geometry":{"type":"Point","coordinates":[11.484331,48.158424]},"properties":{"hsi":0.809}},{"type":"Feature","id":14053,"geometry":{"type":"Point","coordinates":[11.484035,48.15843]},"properties":{"hsi":0}},{"type":"Feature","id":14093,"geometry":{"type":"Point","coordinates":[11.482048,48.158402]},"properties":{"hsi":0.761}},{"type":"Feature","id":14094,"geometry":{"type":"Point","coordinates":[11.481778,48.158405]},"properties":{"hsi":0.57}},{"type":"Feature","id":14095,"geometry":{"type":"Point","coordinates":[11.482212,48.158401]},"properties":{"hsi":0}},{"type":"Feature","id":14096,"geometry":{"type":"Point","coordinates":[11.482161,48.158403]},"properties":{"hsi":0.401}},{"type":"Feature","id":14097,"geometry":{"type":"Point","coordinates":[11.481887,48.158408]},"properties":{"hsi":0.91}},{"type":"Feature","id":14098,"geometry":{"type":"Point","coordinates":[11.482019,48.158426]},"properties":{"hsi":0}},{"type":"Feature","id":14099,"geometry":{"type":"Point","coordinates":[11.482221,48.158436]},"properties":{"hsi":0.315}},{"type":"Feature","id":14100,"geometry":{"type":"Point","coordinates":[11.481965,48.158445]},"properties":{"hsi":0.82}},{"type":"Feature","id":14101,"geometry":{"type":"Point","coordinates":[11.481736,48.158451]},"properties":{"hsi":0.845}},{"type":"Feature","id":14102,"geometry":{"type":"Point","coordinates":[11.482154,48.15846]},"properties":{"hsi":0.895}},{"type":"Feature","id":14103,"geometry":{"type":"Point","coordinates":[11.48203,48.158463]},"properties":{"hsi":0.61}},{"type":"Feature","id":14104,"geometry":{"type":"Point","coordinates":[11.481873,48.158473]},"properties":{"hsi":0.745}},{"type":"Feature","id":14105,"geometry":{"type":"Point","coordinates":[11.481784,48.158481]},"properties":{"hsi":0}},{"type":"Feature","id":14106,"geometry":{"type":"Point","coordinates":[11.482084,48.15849]},"properties":{"hsi":0.753}},{"type":"Feature","id":14107,"geometry":{"type":"Point","coordinates":[11.481891,48.158508]},"properties":{"hsi":0}},{"type":"Feature","id":14108,"geometry":{"type":"Point","coordinates":[11.481821,48.158513]},"properties":{"hsi":0.379}},{"type":"Feature","id":14109,"geometry":{"type":"Point","coordinates":[11.482226,48.158503]},"properties":{"hsi":0.378}},{"type":"Feature","id":14110,"geometry":{"type":"Point","coordinates":[11.481763,48.158517]},"properties":{"hsi":0.689}},{"type":"Feature","id":14111,"geometry":{"type":"Point","coordinates":[11.481992,48.158517]},"properties":{"hsi":0.638}},{"type":"Feature","id":14112,"geometry":{"type":"Point","coordinates":[11.481856,48.158527]},"properties":{"hsi":0}},{"type":"Feature","id":14113,"geometry":{"type":"Point","coordinates":[11.481919,48.158548]},"properties":{"hsi":0.34}},{"type":"Feature","id":14114,"geometry":{"type":"Point","coordinates":[11.482219,48.158546]},"properties":{"hsi":0.608}},{"type":"Feature","id":14115,"geometry":{"type":"Point","coordinates":[11.481857,48.158562]},"properties":{"hsi":0.327}},{"type":"Feature","id":14116,"geometry":{"type":"Point","coordinates":[11.482127,48.158565]},"properties":{"hsi":0.939}},{"type":"Feature","id":14117,"geometry":{"type":"Point","coordinates":[11.481984,48.158591]},"properties":{"hsi":0.894}},{"type":"Feature","id":14118,"geometry":{"type":"Point","coordinates":[11.481894,48.158595]},"properties":{"hsi":0}},{"type":"Feature","id":14119,"geometry":{"type":"Point","coordinates":[11.481871,48.158596]},"properties":{"hsi":0}},{"type":"Feature","id":14120,"geometry":{"type":"Point","coordinates":[11.482206,48.158604]},"properties":{"hsi":0.662}},{"type":"Feature","id":14121,"geometry":{"type":"Point","coordinates":[11.482081,48.158608]},"properties":{"hsi":0.85}},{"type":"Feature","id":14122,"geometry":{"type":"Point","coordinates":[11.482488,48.158553]},"properties":{"hsi":0.789}},{"type":"Feature","id":14123,"geometry":{"type":"Point","coordinates":[11.482544,48.158598]},"properties":{"hsi":0.603}},{"type":"Feature","id":14124,"geometry":{"type":"Point","coordinates":[11.482579,48.158539]},"properties":{"hsi":0}},{"type":"Feature","id":14125,"geometry":{"type":"Point","coordinates":[11.482588,48.158578]},"properties":{"hsi":0}},{"type":"Feature","id":14126,"geometry":{"type":"Point","coordinates":[11.482611,48.15849]},"properties":{"hsi":0.477}},{"type":"Feature","id":14127,"geometry":{"type":"Point","coordinates":[11.482628,48.158556]},"properties":{"hsi":0}},{"type":"Feature","id":14128,"geometry":{"type":"Point","coordinates":[11.482627,48.158438]},"properties":{"hsi":0.692}},{"type":"Feature","id":14129,"geometry":{"type":"Point","coordinates":[11.482667,48.158588]},"properties":{"hsi":0}},{"type":"Feature","id":14130,"geometry":{"type":"Point","coordinates":[11.482687,48.158556]},"properties":{"hsi":0}},{"type":"Feature","id":14131,"geometry":{"type":"Point","coordinates":[11.482688,48.158509]},"properties":{"hsi":0.485}},{"type":"Feature","id":14132,"geometry":{"type":"Point","coordinates":[11.482719,48.158468]},"properties":{"hsi":0}},{"type":"Feature","id":14133,"geometry":{"type":"Point","coordinates":[11.482779,48.158464]},"properties":{"hsi":0.428}},{"type":"Feature","id":14134,"geometry":{"type":"Point","coordinates":[11.483729,48.1585]},"properties":{"hsi":0}},{"type":"Feature","id":14135,"geometry":{"type":"Point","coordinates":[11.483781,48.158481]},"properties":{"hsi":0.605}},{"type":"Feature","id":14136,"geometry":{"type":"Point","coordinates":[11.483824,48.158423]},"properties":{"hsi":0.843}},{"type":"Feature","id":14137,"geometry":{"type":"Point","coordinates":[11.48386,48.15848]},"properties":{"hsi":0.709}},{"type":"Feature","id":14138,"geometry":{"type":"Point","coordinates":[11.483922,48.158458]},"properties":{"hsi":0.535}},{"type":"Feature","id":14139,"geometry":{"type":"Point","coordinates":[11.483969,48.158433]},"properties":{"hsi":0}},{"type":"Feature","id":14140,"geometry":{"type":"Point","coordinates":[11.484011,48.15843]},"properties":{"hsi":0}},{"type":"Feature","id":14141,"geometry":{"type":"Point","coordinates":[11.484016,48.15845]},"properties":{"hsi":0}},{"type":"Feature","id":14142,"geometry":{"type":"Point","coordinates":[11.483977,48.158413]},"properties":{"hsi":0}},{"type":"Feature","id":14143,"geometry":{"type":"Point","coordinates":[11.484412,48.158457]},"properties":{"hsi":0.858}},{"type":"Feature","id":14144,"geometry":{"type":"Point","coordinates":[11.48421,48.158471]},"properties":{"hsi":0}},{"type":"Feature","id":14147,"geometry":{"type":"Point","coordinates":[11.48428,48.158482]},"properties":{"hsi":0.498}},{"type":"Feature","id":14148,"geometry":{"type":"Point","coordinates":[11.484436,48.158499]},"properties":{"hsi":0}},{"type":"Feature","id":14149,"geometry":{"type":"Point","coordinates":[11.483936,48.158516]},"properties":{"hsi":0.902}},{"type":"Feature","id":14150,"geometry":{"type":"Point","coordinates":[11.483814,48.158529]},"properties":{"hsi":0.579}},{"type":"Feature","id":14153,"geometry":{"type":"Point","coordinates":[11.484341,48.158546]},"properties":{"hsi":0.993}},{"type":"Feature","id":14154,"geometry":{"type":"Point","coordinates":[11.483871,48.158561]},"properties":{"hsi":0.585}},{"type":"Feature","id":14155,"geometry":{"type":"Point","coordinates":[11.484208,48.158555]},"properties":{"hsi":0}},{"type":"Feature","id":14157,"geometry":{"type":"Point","coordinates":[11.483811,48.15859]},"properties":{"hsi":0.872}},{"type":"Feature","id":14158,"geometry":{"type":"Point","coordinates":[11.484014,48.158606]},"properties":{"hsi":0.842}},{"type":"Feature","id":14159,"geometry":{"type":"Point","coordinates":[11.483921,48.158636]},"properties":{"hsi":0.836}},{"type":"Feature","id":14161,"geometry":{"type":"Point","coordinates":[11.483995,48.15866]},"properties":{"hsi":0.734}},{"type":"Feature","id":14239,"geometry":{"type":"Point","coordinates":[11.481822,48.158782]},"properties":{"hsi":0.741}},{"type":"Feature","id":14240,"geometry":{"type":"Point","coordinates":[11.48183,48.158828]},"properties":{"hsi":0}},{"type":"Feature","id":14241,"geometry":{"type":"Point","coordinates":[11.481886,48.159054]},"properties":{"hsi":0.941}},{"type":"Feature","id":14242,"geometry":{"type":"Point","coordinates":[11.481875,48.158827]},"properties":{"hsi":0}},{"type":"Feature","id":14243,"geometry":{"type":"Point","coordinates":[11.481925,48.158855]},"properties":{"hsi":0.559}},{"type":"Feature","id":14244,"geometry":{"type":"Point","coordinates":[11.481956,48.158964]},"properties":{"hsi":0.971}},{"type":"Feature","id":14245,"geometry":{"type":"Point","coordinates":[11.482031,48.158862]},"properties":{"hsi":0.823}},{"type":"Feature","id":14246,"geometry":{"type":"Point","coordinates":[11.482087,48.158914]},"properties":{"hsi":0.258}},{"type":"Feature","id":14247,"geometry":{"type":"Point","coordinates":[11.482082,48.158801]},"properties":{"hsi":0}},{"type":"Feature","id":14248,"geometry":{"type":"Point","coordinates":[11.482119,48.158868]},"properties":{"hsi":0.749}},{"type":"Feature","id":14249,"geometry":{"type":"Point","coordinates":[11.482155,48.158809]},"properties":{"hsi":0.781}},{"type":"Feature","id":14250,"geometry":{"type":"Point","coordinates":[11.48221,48.158915]},"properties":{"hsi":0.815}},{"type":"Feature","id":14251,"geometry":{"type":"Point","coordinates":[11.482246,48.15886]},"properties":{"hsi":0.857}},{"type":"Feature","id":14252,"geometry":{"type":"Point","coordinates":[11.482343,48.1588]},"properties":{"hsi":0.961}},{"type":"Feature","id":14253,"geometry":{"type":"Point","coordinates":[11.482435,48.158799]},"properties":{"hsi":0.7}},{"type":"Feature","id":14254,"geometry":{"type":"Point","coordinates":[11.482497,48.15884]},"properties":{"hsi":0.981}},{"type":"Feature","id":14255,"geometry":{"type":"Point","coordinates":[11.482519,48.158753]},"properties":{"hsi":0.883}},{"type":"Feature","id":14256,"geometry":{"type":"Point","coordinates":[11.482595,48.158812]},"properties":{"hsi":0.831}},{"type":"Feature","id":14257,"geometry":{"type":"Point","coordinates":[11.482299,48.158756]},"properties":{"hsi":0.985}},{"type":"Feature","id":14258,"geometry":{"type":"Point","coordinates":[11.481969,48.158771]},"properties":{"hsi":0.945}},{"type":"Feature","id":14259,"geometry":{"type":"Point","coordinates":[11.4826,48.158738]},"properties":{"hsi":0.862}},{"type":"Feature","id":14260,"geometry":{"type":"Point","coordinates":[11.482436,48.158693]},"properties":{"hsi":0.984}},{"type":"Feature","id":14261,"geometry":{"type":"Point","coordinates":[11.482521,48.158657]},"properties":{"hsi":0.995}},{"type":"Feature","id":14262,"geometry":{"type":"Point","coordinates":[11.482653,48.158657]},"properties":{"hsi":0.984}},{"type":"Feature","id":14263,"geometry":{"type":"Point","coordinates":[11.48216,48.158689]},"properties":{"hsi":0.975}},{"type":"Feature","id":14264,"geometry":{"type":"Point","coordinates":[11.482036,48.158677]},"properties":{"hsi":0.803}},{"type":"Feature","id":14265,"geometry":{"type":"Point","coordinates":[11.482287,48.158673]},"properties":{"hsi":1}},{"type":"Feature","id":14266,"geometry":{"type":"Point","coordinates":[11.481959,48.158651]},"properties":{"hsi":0.894}},{"type":"Feature","id":14267,"geometry":{"type":"Point","coordinates":[11.482383,48.158616]},"properties":{"hsi":1}},{"type":"Feature","id":14268,"geometry":{"type":"Point","coordinates":[11.481367,48.158906]},"properties":{"hsi":0}},{"type":"Feature","id":14269,"geometry":{"type":"Point","coordinates":[11.481433,48.158792]},"properties":{"hsi":0.863}},{"type":"Feature","id":14271,"geometry":{"type":"Point","coordinates":[11.481457,48.158951]},"properties":{"hsi":0.844}},{"type":"Feature","id":14272,"geometry":{"type":"Point","coordinates":[11.481461,48.159019]},"properties":{"hsi":0.696}},{"type":"Feature","id":14273,"geometry":{"type":"Point","coordinates":[11.481463,48.158869]},"properties":{"hsi":0.861}},{"type":"Feature","id":14274,"geometry":{"type":"Point","coordinates":[11.481519,48.159068]},"properties":{"hsi":0.606}},{"type":"Feature","id":14275,"geometry":{"type":"Point","coordinates":[11.481559,48.159031]},"properties":{"hsi":0.719}},{"type":"Feature","id":14277,"geometry":{"type":"Point","coordinates":[11.481574,48.158973]},"properties":{"hsi":0.714}},{"type":"Feature","id":14278,"geometry":{"type":"Point","coordinates":[11.481572,48.158835]},"properties":{"hsi":0}},{"type":"Feature","id":14279,"geometry":{"type":"Point","coordinates":[11.481573,48.158873]},"properties":{"hsi":0}},{"type":"Feature","id":14280,"geometry":{"type":"Point","coordinates":[11.481594,48.158911]},"properties":{"hsi":0.667}},{"type":"Feature","id":14281,"geometry":{"type":"Point","coordinates":[11.481607,48.158792]},"properties":{"hsi":0.734}},{"type":"Feature","id":14282,"geometry":{"type":"Point","coordinates":[11.48162,48.158831]},"properties":{"hsi":0}},{"type":"Feature","id":14283,"geometry":{"type":"Point","coordinates":[11.481632,48.159038]},"properties":{"hsi":0.463}},{"type":"Feature","id":14285,"geometry":{"type":"Point","coordinates":[11.481649,48.158876]},"properties":{"hsi":0.472}},{"type":"Feature","id":14286,"geometry":{"type":"Point","coordinates":[11.481663,48.158931]},"properties":{"hsi":0.73}},{"type":"Feature","id":14287,"geometry":{"type":"Point","coordinates":[11.481675,48.158829]},"properties":{"hsi":0}},{"type":"Feature","id":14288,"geometry":{"type":"Point","coordinates":[11.481683,48.158989]},"properties":{"hsi":0.84}},{"type":"Feature","id":14289,"geometry":{"type":"Point","coordinates":[11.481715,48.159048]},"properties":{"hsi":0}},{"type":"Feature","id":14290,"geometry":{"type":"Point","coordinates":[11.481711,48.158753]},"properties":{"hsi":0.906}},{"type":"Feature","id":14291,"geometry":{"type":"Point","coordinates":[11.481723,48.158899]},"properties":{"hsi":0}},{"type":"Feature","id":14292,"geometry":{"type":"Point","coordinates":[11.481723,48.158855]},"properties":{"hsi":0.725}},{"type":"Feature","id":14293,"geometry":{"type":"Point","coordinates":[11.481747,48.158999]},"properties":{"hsi":0}},{"type":"Feature","id":14294,"geometry":{"type":"Point","coordinates":[11.481766,48.158939]},"properties":{"hsi":0}},{"type":"Feature","id":14295,"geometry":{"type":"Point","coordinates":[11.481763,48.158807]},"properties":{"hsi":0.453}},{"type":"Feature","id":14296,"geometry":{"type":"Point","coordinates":[11.481776,48.159037]},"properties":{"hsi":0}},{"type":"Feature","id":14297,"geometry":{"type":"Point","coordinates":[11.481776,48.158974]},"properties":{"hsi":0}},{"type":"Feature","id":14299,"geometry":{"type":"Point","coordinates":[11.48178,48.158904]},"properties":{"hsi":0}},{"type":"Feature","id":14300,"geometry":{"type":"Point","coordinates":[11.48179,48.158842]},"properties":{"hsi":0}},{"type":"Feature","id":14301,"geometry":{"type":"Point","coordinates":[11.481806,48.158872]},"properties":{"hsi":0}},{"type":"Feature","id":14302,"geometry":{"type":"Point","coordinates":[11.481573,48.158738]},"properties":{"hsi":0.85}},{"type":"Feature","id":14303,"geometry":{"type":"Point","coordinates":[11.48164,48.15872]},"properties":{"hsi":0.778}},{"type":"Feature","id":14304,"geometry":{"type":"Point","coordinates":[11.481676,48.158725]},"properties":{"hsi":0.736}},{"type":"Feature","id":14305,"geometry":{"type":"Point","coordinates":[11.481441,48.158725]},"properties":{"hsi":0.83}},{"type":"Feature","id":14306,"geometry":{"type":"Point","coordinates":[11.48152,48.158766]},"properties":{"hsi":0}},{"type":"Feature","id":14307,"geometry":{"type":"Point","coordinates":[11.481522,48.158706]},"properties":{"hsi":0.722}},{"type":"Feature","id":14308,"geometry":{"type":"Point","coordinates":[11.481801,48.15871]},"properties":{"hsi":0.859}},{"type":"Feature","id":14309,"geometry":{"type":"Point","coordinates":[11.481394,48.158708]},"properties":{"hsi":0}},{"type":"Feature","id":14310,"geometry":{"type":"Point","coordinates":[11.482788,48.158681]},"properties":{"hsi":0.974}},{"type":"Feature","id":14311,"geometry":{"type":"Point","coordinates":[11.482711,48.158773]},"properties":{"hsi":1}},{"type":"Feature","id":14312,"geometry":{"type":"Point","coordinates":[11.483063,48.15878]},"properties":{"hsi":0.991}},{"type":"Feature","id":14313,"geometry":{"type":"Point","coordinates":[11.482849,48.158807]},"properties":{"hsi":1}},{"type":"Feature","id":14314,"geometry":{"type":"Point","coordinates":[11.48267,48.158869]},"properties":{"hsi":0.924}},{"type":"Feature","id":14315,"geometry":{"type":"Point","coordinates":[11.482588,48.158897]},"properties":{"hsi":0.995}},{"type":"Feature","id":14316,"geometry":{"type":"Point","coordinates":[11.483182,48.158891]},"properties":{"hsi":0.928}},{"type":"Feature","id":14317,"geometry":{"type":"Point","coordinates":[11.482764,48.158907]},"properties":{"hsi":0.966}},{"type":"Feature","id":14318,"geometry":{"type":"Point","coordinates":[11.483067,48.15891]},"properties":{"hsi":0.925}},{"type":"Feature","id":14319,"geometry":{"type":"Point","coordinates":[11.483535,48.158916]},"properties":{"hsi":0.965}},{"type":"Feature","id":14327,"geometry":{"type":"Point","coordinates":[11.484166,48.158675]},"properties":{"hsi":0.816}},{"type":"Feature","id":14328,"geometry":{"type":"Point","coordinates":[11.484383,48.158727]},"properties":{"hsi":0}},{"type":"Feature","id":14329,"geometry":{"type":"Point","coordinates":[11.484158,48.158742]},"properties":{"hsi":0}},{"type":"Feature","id":14330,"geometry":{"type":"Point","coordinates":[11.48427,48.158742]},"properties":{"hsi":0.757}},{"type":"Feature","id":14332,"geometry":{"type":"Point","coordinates":[11.484332,48.158806]},"properties":{"hsi":0.829}},{"type":"Feature","id":14334,"geometry":{"type":"Point","coordinates":[11.484217,48.158818]},"properties":{"hsi":0.903}},{"type":"Feature","id":14335,"geometry":{"type":"Point","coordinates":[11.484458,48.158848]},"properties":{"hsi":0.89}},{"type":"Feature","id":14336,"geometry":{"type":"Point","coordinates":[11.484332,48.158898]},"properties":{"hsi":0.475}},{"type":"Feature","id":14337,"geometry":{"type":"Point","coordinates":[11.484141,48.158908]},"properties":{"hsi":0.514}},{"type":"Feature","id":14339,"geometry":{"type":"Point","coordinates":[11.484475,48.158938]},"properties":{"hsi":0.96}},{"type":"Feature","id":14340,"geometry":{"type":"Point","coordinates":[11.484334,48.158951]},"properties":{"hsi":0}},{"type":"Feature","id":14341,"geometry":{"type":"Point","coordinates":[11.484374,48.158991]},"properties":{"hsi":0}},{"type":"Feature","id":14397,"geometry":{"type":"Point","coordinates":[11.482585,48.159045]},"properties":{"hsi":0.927}},{"type":"Feature","id":14398,"geometry":{"type":"Point","coordinates":[11.482692,48.159]},"properties":{"hsi":0.868}},{"type":"Feature","id":14399,"geometry":{"type":"Point","coordinates":[11.482284,48.158999]},"properties":{"hsi":0.934}},{"type":"Feature","id":14400,"geometry":{"type":"Point","coordinates":[11.482154,48.158977]},"properties":{"hsi":0.915}},{"type":"Feature","id":14401,"geometry":{"type":"Point","coordinates":[11.482372,48.158972]},"properties":{"hsi":0.95}},{"type":"Feature","id":15488,"geometry":{"type":"Point","coordinates":[11.478622,48.158305]},"properties":{"hsi":0}},{"type":"Feature","id":15489,"geometry":{"type":"Point","coordinates":[11.478669,48.158598]},"properties":{"hsi":0}},{"type":"Feature","id":15490,"geometry":{"type":"Point","coordinates":[11.478665,48.158514]},"properties":{"hsi":0.919}},{"type":"Feature","id":15491,"geometry":{"type":"Point","coordinates":[11.478729,48.158659]},"properties":{"hsi":0.927}},{"type":"Feature","id":15492,"geometry":{"type":"Point","coordinates":[11.47873,48.158468]},"properties":{"hsi":0.92}},{"type":"Feature","id":15493,"geometry":{"type":"Point","coordinates":[11.478804,48.158679]},"properties":{"hsi":0.952}},{"type":"Feature","id":15494,"geometry":{"type":"Point","coordinates":[11.478831,48.15856]},"properties":{"hsi":0}},{"type":"Feature","id":15495,"geometry":{"type":"Point","coordinates":[11.478854,48.158494]},"properties":{"hsi":0.918}},{"type":"Feature","id":15496,"geometry":{"type":"Point","coordinates":[11.478877,48.158648]},"properties":{"hsi":0}},{"type":"Feature","id":15497,"geometry":{"type":"Point","coordinates":[11.478928,48.158541]},"properties":{"hsi":0}},{"type":"Feature","id":15498,"geometry":{"type":"Point","coordinates":[11.47896,48.15855]},"properties":{"hsi":0}},{"type":"Feature","id":15499,"geometry":{"type":"Point","coordinates":[11.478979,48.158511]},"properties":{"hsi":0}},{"type":"Feature","id":15500,"geometry":{"type":"Point","coordinates":[11.478995,48.158557]},"properties":{"hsi":0}},{"type":"Feature","id":15501,"geometry":{"type":"Point","coordinates":[11.479056,48.158533]},"properties":{"hsi":0}},{"type":"Feature","id":15502,"geometry":{"type":"Point","coordinates":[11.479265,48.158637]},"properties":{"hsi":0}},{"type":"Feature","id":15503,"geometry":{"type":"Point","coordinates":[11.479275,48.158596]},"properties":{"hsi":0}},{"type":"Feature","id":15504,"geometry":{"type":"Point","coordinates":[11.47933,48.158325]},"properties":{"hsi":0}},{"type":"Feature","id":15505,"geometry":{"type":"Point","coordinates":[11.4795,48.158427]},"properties":{"hsi":0}},{"type":"Feature","id":15506,"geometry":{"type":"Point","coordinates":[11.479602,48.158434]},"properties":{"hsi":0}},{"type":"Feature","id":15507,"geometry":{"type":"Point","coordinates":[11.47964,48.158434]},"properties":{"hsi":0}},{"type":"Feature","id":15508,"geometry":{"type":"Point","coordinates":[11.479674,48.158438]},"properties":{"hsi":0}},{"type":"Feature","id":15509,"geometry":{"type":"Point","coordinates":[11.479685,48.158252]},"properties":{"hsi":0}},{"type":"Feature","id":15510,"geometry":{"type":"Point","coordinates":[11.479714,48.158457]},"properties":{"hsi":0}},{"type":"Feature","id":15511,"geometry":{"type":"Point","coordinates":[11.479747,48.158442]},"properties":{"hsi":0}},{"type":"Feature","id":15512,"geometry":{"type":"Point","coordinates":[11.479784,48.158258]},"properties":{"hsi":0}},{"type":"Feature","id":15513,"geometry":{"type":"Point","coordinates":[11.479475,48.158416]},"properties":{"hsi":0}},{"type":"Feature","id":15514,"geometry":{"type":"Point","coordinates":[11.479317,48.158405]},"properties":{"hsi":0}},{"type":"Feature","id":15515,"geometry":{"type":"Point","coordinates":[11.478601,48.158406]},"properties":{"hsi":0}},{"type":"Feature","id":15516,"geometry":{"type":"Point","coordinates":[11.479302,48.158393]},"properties":{"hsi":0}},{"type":"Feature","id":15517,"geometry":{"type":"Point","coordinates":[11.479619,48.158387]},"properties":{"hsi":0}},{"type":"Feature","id":15518,"geometry":{"type":"Point","coordinates":[11.479316,48.158378]},"properties":{"hsi":0}},{"type":"Feature","id":15519,"geometry":{"type":"Point","coordinates":[11.479594,48.158369]},"properties":{"hsi":0}},{"type":"Feature","id":15520,"geometry":{"type":"Point","coordinates":[11.479631,48.158354]},"properties":{"hsi":0}},{"type":"Feature","id":15521,"geometry":{"type":"Point","coordinates":[11.478961,48.158326]},"properties":{"hsi":0}},{"type":"Feature","id":15522,"geometry":{"type":"Point","coordinates":[11.479102,48.158308]},"properties":{"hsi":0.785}},{"type":"Feature","id":15523,"geometry":{"type":"Point","coordinates":[11.47961,48.158297]},"properties":{"hsi":0}},{"type":"Feature","id":15524,"geometry":{"type":"Point","coordinates":[11.478968,48.158296]},"properties":{"hsi":0.817}},{"type":"Feature","id":15525,"geometry":{"type":"Point","coordinates":[11.479729,48.158256]},"properties":{"hsi":0}},{"type":"Feature","id":15526,"geometry":{"type":"Point","coordinates":[11.478801,48.158266]},"properties":{"hsi":0.843}},{"type":"Feature","id":15527,"geometry":{"type":"Point","coordinates":[11.47871,48.158224]},"properties":{"hsi":0.866}},{"type":"Feature","id":15528,"geometry":{"type":"Point","coordinates":[11.478892,48.158245]},"properties":{"hsi":0.838}},{"type":"Feature","id":15529,"geometry":{"type":"Point","coordinates":[11.479026,48.158242]},"properties":{"hsi":0.766}},{"type":"Feature","id":15530,"geometry":{"type":"Point","coordinates":[11.478891,48.158168]},"properties":{"hsi":0}},{"type":"Feature","id":15531,"geometry":{"type":"Point","coordinates":[11.479078,48.158183]},"properties":{"hsi":0.85}},{"type":"Feature","id":15532,"geometry":{"type":"Point","coordinates":[11.478652,48.158156]},"properties":{"hsi":0.682}},{"type":"Feature","id":15533,"geometry":{"type":"Point","coordinates":[11.479617,48.15815]},"properties":{"hsi":0}},{"type":"Feature","id":15534,"geometry":{"type":"Point","coordinates":[11.478973,48.158149]},"properties":{"hsi":0.584}},{"type":"Feature","id":15535,"geometry":{"type":"Point","coordinates":[11.47913,48.158159]},"properties":{"hsi":0.866}},{"type":"Feature","id":15536,"geometry":{"type":"Point","coordinates":[11.478816,48.158144]},"properties":{"hsi":0.897}},{"type":"Feature","id":15537,"geometry":{"type":"Point","coordinates":[11.47968,48.158664]},"properties":{"hsi":0}},{"type":"Feature","id":15538,"geometry":{"type":"Point","coordinates":[11.4798,48.158637]},"properties":{"hsi":0}},{"type":"Feature","id":15539,"geometry":{"type":"Point","coordinates":[11.479863,48.158513]},"properties":{"hsi":0}},{"type":"Feature","id":15540,"geometry":{"type":"Point","coordinates":[11.479946,48.158667]},"properties":{"hsi":0.42}},{"type":"Feature","id":15541,"geometry":{"type":"Point","coordinates":[11.479967,48.158555]},"properties":{"hsi":0}},{"type":"Feature","id":15542,"geometry":{"type":"Point","coordinates":[11.479971,48.158599]},"properties":{"hsi":0.431}},{"type":"Feature","id":15543,"geometry":{"type":"Point","coordinates":[11.479981,48.158522]},"properties":{"hsi":0}},{"type":"Feature","id":15544,"geometry":{"type":"Point","coordinates":[11.48003,48.158509]},"properties":{"hsi":0}},{"type":"Feature","id":15545,"geometry":{"type":"Point","coordinates":[11.480036,48.158634]},"properties":{"hsi":0}},{"type":"Feature","id":15546,"geometry":{"type":"Point","coordinates":[11.480041,48.158552]},"properties":{"hsi":0}},{"type":"Feature","id":15547,"geometry":{"type":"Point","coordinates":[11.48048,48.158577]},"properties":{"hsi":0}},{"type":"Feature","id":15548,"geometry":{"type":"Point","coordinates":[11.480499,48.15852]},"properties":{"hsi":0}},{"type":"Feature","id":15549,"geometry":{"type":"Point","coordinates":[11.480595,48.158539]},"properties":{"hsi":0}},{"type":"Feature","id":15550,"geometry":{"type":"Point","coordinates":[11.480631,48.158487]},"properties":{"hsi":0}},{"type":"Feature","id":15551,"geometry":{"type":"Point","coordinates":[11.480649,48.158542]},"properties":{"hsi":0}},{"type":"Feature","id":15552,"geometry":{"type":"Point","coordinates":[11.480652,48.158571]},"properties":{"hsi":0}},{"type":"Feature","id":15553,"geometry":{"type":"Point","coordinates":[11.480679,48.158608]},"properties":{"hsi":0}},{"type":"Feature","id":15554,"geometry":{"type":"Point","coordinates":[11.480678,48.15859]},"properties":{"hsi":0}},{"type":"Feature","id":15555,"geometry":{"type":"Point","coordinates":[11.480684,48.158548]},"properties":{"hsi":0}},{"type":"Feature","id":15556,"geometry":{"type":"Point","coordinates":[11.480727,48.158513]},"properties":{"hsi":0}},{"type":"Feature","id":15557,"geometry":{"type":"Point","coordinates":[11.480733,48.158587]},"properties":{"hsi":0}},{"type":"Feature","id":15558,"geometry":{"type":"Point","coordinates":[11.480826,48.158593]},"properties":{"hsi":0}},{"type":"Feature","id":15559,"geometry":{"type":"Point","coordinates":[11.48085,48.15862]},"properties":{"hsi":0}},{"type":"Feature","id":15560,"geometry":{"type":"Point","coordinates":[11.48007,48.158504]},"properties":{"hsi":0}},{"type":"Feature","id":15561,"geometry":{"type":"Point","coordinates":[11.480084,48.158453]},"properties":{"hsi":0}},{"type":"Feature","id":15562,"geometry":{"type":"Point","coordinates":[11.480105,48.158405]},"properties":{"hsi":0}},{"type":"Feature","id":15563,"geometry":{"type":"Point","coordinates":[11.480121,48.15836]},"properties":{"hsi":0}},{"type":"Feature","id":15564,"geometry":{"type":"Point","coordinates":[11.480137,48.158333]},"properties":{"hsi":0}},{"type":"Feature","id":15565,"geometry":{"type":"Point","coordinates":[11.480144,48.158307]},"properties":{"hsi":0}},{"type":"Feature","id":15566,"geometry":{"type":"Point","coordinates":[11.480604,48.158299]},"properties":{"hsi":0}},{"type":"Feature","id":15567,"geometry":{"type":"Point","coordinates":[11.47998,48.158312]},"properties":{"hsi":0.569}},{"type":"Feature","id":15568,"geometry":{"type":"Point","coordinates":[11.480088,48.158291]},"properties":{"hsi":0}},{"type":"Feature","id":15569,"geometry":{"type":"Point","coordinates":[11.480154,48.158277]},"properties":{"hsi":0}},{"type":"Feature","id":15570,"geometry":{"type":"Point","coordinates":[11.480107,48.15827]},"properties":{"hsi":0}},{"type":"Feature","id":15571,"geometry":{"type":"Point","coordinates":[11.479724,48.158283]},"properties":{"hsi":0}},{"type":"Feature","id":15572,"geometry":{"type":"Point","coordinates":[11.480155,48.158216]},"properties":{"hsi":0}},{"type":"Feature","id":15573,"geometry":{"type":"Point","coordinates":[11.480614,48.158229]},"properties":{"hsi":0}},{"type":"Feature","id":15574,"geometry":{"type":"Point","coordinates":[11.480102,48.158221]},"properties":{"hsi":0}},{"type":"Feature","id":15575,"geometry":{"type":"Point","coordinates":[11.480169,48.158163]},"properties":{"hsi":0}},{"type":"Feature","id":15576,"geometry":{"type":"Point","coordinates":[11.480196,48.158156]},"properties":{"hsi":0}},{"type":"Feature","id":15577,"geometry":{"type":"Point","coordinates":[11.48065,48.158159]},"properties":{"hsi":0}},{"type":"Feature","id":15578,"geometry":{"type":"Point","coordinates":[11.480053,48.158138]},"properties":{"hsi":0.879}},{"type":"Feature","id":15579,"geometry":{"type":"Point","coordinates":[11.480187,48.158128]},"properties":{"hsi":0}},{"type":"Feature","id":15580,"geometry":{"type":"Point","coordinates":[11.480683,48.158124]},"properties":{"hsi":0}},{"type":"Feature","id":15582,"geometry":{"type":"Point","coordinates":[11.477776,48.158375]},"properties":{"hsi":0.844}},{"type":"Feature","id":15590,"geometry":{"type":"Point","coordinates":[11.477791,48.158447]},"properties":{"hsi":0.744}},{"type":"Feature","id":15599,"geometry":{"type":"Point","coordinates":[11.477745,48.158516]},"properties":{"hsi":0.863}},{"type":"Feature","id":15600,"geometry":{"type":"Point","coordinates":[11.478361,48.158358]},"properties":{"hsi":0.691}},{"type":"Feature","id":15601,"geometry":{"type":"Point","coordinates":[11.478438,48.158371]},"properties":{"hsi":0}},{"type":"Feature","id":15602,"geometry":{"type":"Point","coordinates":[11.478505,48.158367]},"properties":{"hsi":0}},{"type":"Feature","id":15603,"geometry":{"type":"Point","coordinates":[11.478505,48.158393]},"properties":{"hsi":0}},{"type":"Feature","id":15604,"geometry":{"type":"Point","coordinates":[11.478419,48.158397]},"properties":{"hsi":0}},{"type":"Feature","id":15605,"geometry":{"type":"Point","coordinates":[11.478295,48.158407]},"properties":{"hsi":0}},{"type":"Feature","id":15606,"geometry":{"type":"Point","coordinates":[11.47836,48.15844]},"properties":{"hsi":0}},{"type":"Feature","id":15607,"geometry":{"type":"Point","coordinates":[11.478412,48.15844]},"properties":{"hsi":0}},{"type":"Feature","id":15608,"geometry":{"type":"Point","coordinates":[11.478271,48.158454]},"properties":{"hsi":0.511}},{"type":"Feature","id":15609,"geometry":{"type":"Point","coordinates":[11.478376,48.158461]},"properties":{"hsi":0}},{"type":"Feature","id":15610,"geometry":{"type":"Point","coordinates":[11.478237,48.158483]},"properties":{"hsi":0.269}},{"type":"Feature","id":15611,"geometry":{"type":"Point","coordinates":[11.478173,48.158488]},"properties":{"hsi":0.628}},{"type":"Feature","id":15612,"geometry":{"type":"Point","coordinates":[11.478557,48.158498]},"properties":{"hsi":0}},{"type":"Feature","id":15613,"geometry":{"type":"Point","coordinates":[11.47828,48.158525]},"properties":{"hsi":0.598}},{"type":"Feature","id":15614,"geometry":{"type":"Point","coordinates":[11.478165,48.158529]},"properties":{"hsi":0.478}},{"type":"Feature","id":15615,"geometry":{"type":"Point","coordinates":[11.478361,48.158548]},"properties":{"hsi":0}},{"type":"Feature","id":15616,"geometry":{"type":"Point","coordinates":[11.478128,48.158555]},"properties":{"hsi":0.491}},{"type":"Feature","id":15617,"geometry":{"type":"Point","coordinates":[11.478448,48.158558]},"properties":{"hsi":0}},{"type":"Feature","id":15618,"geometry":{"type":"Point","coordinates":[11.478212,48.15857]},"properties":{"hsi":0.174}},{"type":"Feature","id":15619,"geometry":{"type":"Point","coordinates":[11.47826,48.15857]},"properties":{"hsi":0.339}},{"type":"Feature","id":15620,"geometry":{"type":"Point","coordinates":[11.478105,48.158593]},"properties":{"hsi":0.553}},{"type":"Feature","id":15621,"geometry":{"type":"Point","coordinates":[11.478199,48.158597]},"properties":{"hsi":0}},{"type":"Feature","id":15622,"geometry":{"type":"Point","coordinates":[11.478468,48.158611]},"properties":{"hsi":0}},{"type":"Feature","id":15623,"geometry":{"type":"Point","coordinates":[11.478528,48.158613]},"properties":{"hsi":0}},{"type":"Feature","id":15624,"geometry":{"type":"Point","coordinates":[11.478083,48.158635]},"properties":{"hsi":0.269}},{"type":"Feature","id":15625,"geometry":{"type":"Point","coordinates":[11.478158,48.158637]},"properties":{"hsi":0}},{"type":"Feature","id":15626,"geometry":{"type":"Point","coordinates":[11.478552,48.158637]},"properties":{"hsi":0}},{"type":"Feature","id":15627,"geometry":{"type":"Point","coordinates":[11.478426,48.158651]},"properties":{"hsi":0}},{"type":"Feature","id":15628,"geometry":{"type":"Point","coordinates":[11.478094,48.158673]},"properties":{"hsi":0}},{"type":"Feature","id":15629,"geometry":{"type":"Point","coordinates":[11.478525,48.158664]},"properties":{"hsi":0}},{"type":"Feature","id":15630,"geometry":{"type":"Point","coordinates":[11.478606,48.158676]},"properties":{"hsi":0.832}},{"type":"Feature","id":15631,"geometry":{"type":"Point","coordinates":[11.478195,48.158684]},"properties":{"hsi":0}},{"type":"Feature","id":15632,"geometry":{"type":"Point","coordinates":[11.47807,48.158703]},"properties":{"hsi":0}},{"type":"Feature","id":15634,"geometry":{"type":"Point","coordinates":[11.477793,48.15855]},"properties":{"hsi":0.411}},{"type":"Feature","id":15638,"geometry":{"type":"Point","coordinates":[11.478018,48.158621]},"properties":{"hsi":0.478}},{"type":"Feature","id":15640,"geometry":{"type":"Point","coordinates":[11.477968,48.15865]},"properties":{"hsi":0.442}},{"type":"Feature","id":15644,"geometry":{"type":"Point","coordinates":[11.477948,48.158704]},"properties":{"hsi":0.739}},{"type":"Feature","id":15647,"geometry":{"type":"Point","coordinates":[11.478006,48.158741]},"properties":{"hsi":0.806}},{"type":"Feature","id":15648,"geometry":{"type":"Point","coordinates":[11.477843,48.158755]},"properties":{"hsi":0.852}},{"type":"Feature","id":15652,"geometry":{"type":"Point","coordinates":[11.477906,48.158794]},"properties":{"hsi":0.396}},{"type":"Feature","id":15654,"geometry":{"type":"Point","coordinates":[11.478012,48.158819]},"properties":{"hsi":0}},{"type":"Feature","id":15657,"geometry":{"type":"Point","coordinates":[11.477774,48.158871]},"properties":{"hsi":0.592}},{"type":"Feature","id":15659,"geometry":{"type":"Point","coordinates":[11.478036,48.158882]},"properties":{"hsi":0}},{"type":"Feature","id":15661,"geometry":{"type":"Point","coordinates":[11.477986,48.158894]},"properties":{"hsi":0}},{"type":"Feature","id":15662,"geometry":{"type":"Point","coordinates":[11.477768,48.158579]},"properties":{"hsi":0}},{"type":"Feature","id":15663,"geometry":{"type":"Point","coordinates":[11.478683,48.158752]},"properties":{"hsi":0}},{"type":"Feature","id":15664,"geometry":{"type":"Point","coordinates":[11.479026,48.158746]},"properties":{"hsi":0}},{"type":"Feature","id":15665,"geometry":{"type":"Point","coordinates":[11.478573,48.158769]},"properties":{"hsi":0.661}},{"type":"Feature","id":15666,"geometry":{"type":"Point","coordinates":[11.478811,48.158771]},"properties":{"hsi":0}},{"type":"Feature","id":15667,"geometry":{"type":"Point","coordinates":[11.478504,48.158798]},"properties":{"hsi":0}},{"type":"Feature","id":15668,"geometry":{"type":"Point","coordinates":[11.478632,48.15881]},"properties":{"hsi":0.469}},{"type":"Feature","id":15669,"geometry":{"type":"Point","coordinates":[11.47855,48.158826]},"properties":{"hsi":0}},{"type":"Feature","id":15670,"geometry":{"type":"Point","coordinates":[11.478755,48.158834]},"properties":{"hsi":0}},{"type":"Feature","id":15671,"geometry":{"type":"Point","coordinates":[11.478818,48.158837]},"properties":{"hsi":0}},{"type":"Feature","id":15672,"geometry":{"type":"Point","coordinates":[11.478639,48.158851]},"properties":{"hsi":0}},{"type":"Feature","id":15673,"geometry":{"type":"Point","coordinates":[11.478641,48.158864]},"properties":{"hsi":0}},{"type":"Feature","id":15674,"geometry":{"type":"Point","coordinates":[11.478542,48.158877]},"properties":{"hsi":0.924}},{"type":"Feature","id":15675,"geometry":{"type":"Point","coordinates":[11.47869,48.158888]},"properties":{"hsi":0}},{"type":"Feature","id":15676,"geometry":{"type":"Point","coordinates":[11.478934,48.158883]},"properties":{"hsi":0}},{"type":"Feature","id":15677,"geometry":{"type":"Point","coordinates":[11.478966,48.158908]},"properties":{"hsi":0}},{"type":"Feature","id":15678,"geometry":{"type":"Point","coordinates":[11.478696,48.158921]},"properties":{"hsi":0}},{"type":"Feature","id":15679,"geometry":{"type":"Point","coordinates":[11.478584,48.158971]},"properties":{"hsi":0}},{"type":"Feature","id":15680,"geometry":{"type":"Point","coordinates":[11.478787,48.158978]},"properties":{"hsi":0}},{"type":"Feature","id":15681,"geometry":{"type":"Point","coordinates":[11.478763,48.158982]},"properties":{"hsi":0}},{"type":"Feature","id":15682,"geometry":{"type":"Point","coordinates":[11.478833,48.15899]},"properties":{"hsi":0}},{"type":"Feature","id":15683,"geometry":{"type":"Point","coordinates":[11.478802,48.158992]},"properties":{"hsi":0}},{"type":"Feature","id":15684,"geometry":{"type":"Point","coordinates":[11.478511,48.159001]},"properties":{"hsi":0}},{"type":"Feature","id":15685,"geometry":{"type":"Point","coordinates":[11.478503,48.159024]},"properties":{"hsi":0}},{"type":"Feature","id":15686,"geometry":{"type":"Point","coordinates":[11.478879,48.159027]},"properties":{"hsi":0.359}},{"type":"Feature","id":15687,"geometry":{"type":"Point","coordinates":[11.478561,48.159033]},"properties":{"hsi":0}},{"type":"Feature","id":15688,"geometry":{"type":"Point","coordinates":[11.478926,48.159043]},"properties":{"hsi":0.402}},{"type":"Feature","id":15689,"geometry":{"type":"Point","coordinates":[11.478871,48.159064]},"properties":{"hsi":0}},{"type":"Feature","id":15690,"geometry":{"type":"Point","coordinates":[11.47862,48.15907]},"properties":{"hsi":0}},{"type":"Feature","id":15691,"geometry":{"type":"Point","coordinates":[11.47854,48.159081]},"properties":{"hsi":0}},{"type":"Feature","id":15692,"geometry":{"type":"Point","coordinates":[11.478896,48.159095]},"properties":{"hsi":0}},{"type":"Feature","id":15693,"geometry":{"type":"Point","coordinates":[11.478633,48.159103]},"properties":{"hsi":0}},{"type":"Feature","id":15694,"geometry":{"type":"Point","coordinates":[11.478704,48.159112]},"properties":{"hsi":0}},{"type":"Feature","id":15695,"geometry":{"type":"Point","coordinates":[11.479005,48.158735]},"properties":{"hsi":0}},{"type":"Feature","id":15696,"geometry":{"type":"Point","coordinates":[11.478456,48.158725]},"properties":{"hsi":0}},{"type":"Feature","id":15697,"geometry":{"type":"Point","coordinates":[11.478391,48.158704]},"properties":{"hsi":0}},{"type":"Feature","id":15698,"geometry":{"type":"Point","coordinates":[11.479059,48.158696]},"properties":{"hsi":0}},{"type":"Feature","id":15699,"geometry":{"type":"Point","coordinates":[11.479808,48.158859]},"properties":{"hsi":0.253}},{"type":"Feature","id":15700,"geometry":{"type":"Point","coordinates":[11.480391,48.158848]},"properties":{"hsi":0}},{"type":"Feature","id":15701,"geometry":{"type":"Point","coordinates":[11.480452,48.158847]},"properties":{"hsi":0}},{"type":"Feature","id":15702,"geometry":{"type":"Point","coordinates":[11.479865,48.158875]},"properties":{"hsi":0.239}},{"type":"Feature","id":15703,"geometry":{"type":"Point","coordinates":[11.48037,48.158867]},"properties":{"hsi":0}},{"type":"Feature","id":15704,"geometry":{"type":"Point","coordinates":[11.480362,48.158894]},"properties":{"hsi":0}},{"type":"Feature","id":15705,"geometry":{"type":"Point","coordinates":[11.479861,48.15892]},"properties":{"hsi":0.43}},{"type":"Feature","id":15706,"geometry":{"type":"Point","coordinates":[11.480347,48.158915]},"properties":{"hsi":0}},{"type":"Feature","id":15707,"geometry":{"type":"Point","coordinates":[11.480341,48.15895]},"properties":{"hsi":0}},{"type":"Feature","id":15708,"geometry":{"type":"Point","coordinates":[11.479759,48.158967]},"properties":{"hsi":0.35}},{"type":"Feature","id":15709,"geometry":{"type":"Point","coordinates":[11.479663,48.158971]},"properties":{"hsi":0}},{"type":"Feature","id":15710,"geometry":{"type":"Point","coordinates":[11.480472,48.158967]},"properties":{"hsi":0}},{"type":"Feature","id":15711,"geometry":{"type":"Point","coordinates":[11.480377,48.158977]},"properties":{"hsi":0}},{"type":"Feature","id":15712,"geometry":{"type":"Point","coordinates":[11.479856,48.158995]},"properties":{"hsi":0.381}},{"type":"Feature","id":15713,"geometry":{"type":"Point","coordinates":[11.480319,48.158997]},"properties":{"hsi":0}},{"type":"Feature","id":15714,"geometry":{"type":"Point","coordinates":[11.480311,48.159025]},"properties":{"hsi":0}},{"type":"Feature","id":15715,"geometry":{"type":"Point","coordinates":[11.480327,48.159045]},"properties":{"hsi":0}},{"type":"Feature","id":15716,"geometry":{"type":"Point","coordinates":[11.479859,48.159058]},"properties":{"hsi":0}},{"type":"Feature","id":15717,"geometry":{"type":"Point","coordinates":[11.480295,48.159061]},"properties":{"hsi":0}},{"type":"Feature","id":15718,"geometry":{"type":"Point","coordinates":[11.479913,48.158849]},"properties":{"hsi":0.386}},{"type":"Feature","id":15719,"geometry":{"type":"Point","coordinates":[11.480399,48.158821]},"properties":{"hsi":0}},{"type":"Feature","id":15720,"geometry":{"type":"Point","coordinates":[11.480463,48.158817]},"properties":{"hsi":0}},{"type":"Feature","id":15721,"geometry":{"type":"Point","coordinates":[11.48038,48.158796]},"properties":{"hsi":0}},{"type":"Feature","id":15722,"geometry":{"type":"Point","coordinates":[11.48042,48.158792]},"properties":{"hsi":0}},{"type":"Feature","id":15723,"geometry":{"type":"Point","coordinates":[11.479923,48.158803]},"properties":{"hsi":0}},{"type":"Feature","id":15724,"geometry":{"type":"Point","coordinates":[11.480347,48.15878]},"properties":{"hsi":0}},{"type":"Feature","id":15725,"geometry":{"type":"Point","coordinates":[11.480406,48.158765]},"properties":{"hsi":0}},{"type":"Feature","id":15726,"geometry":{"type":"Point","coordinates":[11.479946,48.158752]},"properties":{"hsi":0}},{"type":"Feature","id":15727,"geometry":{"type":"Point","coordinates":[11.480363,48.158726]},"properties":{"hsi":0}},{"type":"Feature","id":15728,"geometry":{"type":"Point","coordinates":[11.480435,48.15873]},"properties":{"hsi":0}},{"type":"Feature","id":15729,"geometry":{"type":"Point","coordinates":[11.480458,48.158666]},"properties":{"hsi":0}},{"type":"Feature","id":15730,"geometry":{"type":"Point","coordinates":[11.479764,48.158674]},"properties":{"hsi":0}},{"type":"Feature","id":15731,"geometry":{"type":"Point","coordinates":[11.478274,48.158958]},"properties":{"hsi":0}},{"type":"Feature","id":15732,"geometry":{"type":"Point","coordinates":[11.478439,48.158974]},"properties":{"hsi":0}},{"type":"Feature","id":15733,"geometry":{"type":"Point","coordinates":[11.478276,48.158982]},"properties":{"hsi":0}},{"type":"Feature","id":15734,"geometry":{"type":"Point","coordinates":[11.478424,48.158991]},"properties":{"hsi":0}},{"type":"Feature","id":15735,"geometry":{"type":"Point","coordinates":[11.478037,48.159031]},"properties":{"hsi":0}},{"type":"Feature","id":15736,"geometry":{"type":"Point","coordinates":[11.477844,48.159038]},"properties":{"hsi":0}},{"type":"Feature","id":15737,"geometry":{"type":"Point","coordinates":[11.478002,48.15904]},"properties":{"hsi":0}},{"type":"Feature","id":15738,"geometry":{"type":"Point","coordinates":[11.478418,48.159037]},"properties":{"hsi":0}},{"type":"Feature","id":15739,"geometry":{"type":"Point","coordinates":[11.478285,48.159052]},"properties":{"hsi":0}},{"type":"Feature","id":15740,"geometry":{"type":"Point","coordinates":[11.478447,48.159056]},"properties":{"hsi":0}},{"type":"Feature","id":15741,"geometry":{"type":"Point","coordinates":[11.478356,48.159064]},"properties":{"hsi":0}},{"type":"Feature","id":15742,"geometry":{"type":"Point","coordinates":[11.478483,48.159065]},"properties":{"hsi":0}},{"type":"Feature","id":15743,"geometry":{"type":"Point","coordinates":[11.478254,48.15908]},"properties":{"hsi":0}},{"type":"Feature","id":15744,"geometry":{"type":"Point","coordinates":[11.477885,48.159087]},"properties":{"hsi":0}},{"type":"Feature","id":15745,"geometry":{"type":"Point","coordinates":[11.478221,48.159089]},"properties":{"hsi":0}},{"type":"Feature","id":15746,"geometry":{"type":"Point","coordinates":[11.478393,48.159096]},"properties":{"hsi":0}},{"type":"Feature","id":15747,"geometry":{"type":"Point","coordinates":[11.477952,48.159103]},"properties":{"hsi":0}},{"type":"Feature","id":15748,"geometry":{"type":"Point","coordinates":[11.477997,48.159114]},"properties":{"hsi":0}},{"type":"Feature","id":15749,"geometry":{"type":"Point","coordinates":[11.478434,48.158941]},"properties":{"hsi":0}},{"type":"Feature","id":15750,"geometry":{"type":"Point","coordinates":[11.478361,48.158933]},"properties":{"hsi":0}},{"type":"Feature","id":15751,"geometry":{"type":"Point","coordinates":[11.478102,48.158916]},"properties":{"hsi":0}},{"type":"Feature","id":15752,"geometry":{"type":"Point","coordinates":[11.47808,48.158905]},"properties":{"hsi":0}},{"type":"Feature","id":15753,"geometry":{"type":"Point","coordinates":[11.47799,48.158904]},"properties":{"hsi":0}},{"type":"Feature","id":15754,"geometry":{"type":"Point","coordinates":[11.478464,48.158889]},"properties":{"hsi":0}},{"type":"Feature","id":15755,"geometry":{"type":"Point","coordinates":[11.478412,48.158849]},"properties":{"hsi":0}},{"type":"Feature","id":15756,"geometry":{"type":"Point","coordinates":[11.478397,48.158822]},"properties":{"hsi":0}},{"type":"Feature","id":15757,"geometry":{"type":"Point","coordinates":[11.477852,48.158839]},"properties":{"hsi":0.555}},{"type":"Feature","id":15758,"geometry":{"type":"Point","coordinates":[11.478159,48.158823]},"properties":{"hsi":0}},{"type":"Feature","id":15759,"geometry":{"type":"Point","coordinates":[11.478152,48.158783]},"properties":{"hsi":0}},{"type":"Feature","id":15760,"geometry":{"type":"Point","coordinates":[11.478357,48.158778]},"properties":{"hsi":0}},{"type":"Feature","id":15761,"geometry":{"type":"Point","coordinates":[11.478404,48.158771]},"properties":{"hsi":0}},{"type":"Feature","id":15762,"geometry":{"type":"Point","coordinates":[11.47826,48.159017]},"properties":{"hsi":0}},{"type":"Feature","id":15763,"geometry":{"type":"Point","coordinates":[11.478298,48.158927]},"properties":{"hsi":0}},{"type":"Feature","id":15765,"geometry":{"type":"Point","coordinates":[11.477983,48.158938]},"properties":{"hsi":0}},{"type":"Feature","id":15767,"geometry":{"type":"Point","coordinates":[11.477904,48.158988]},"properties":{"hsi":0}},{"type":"Feature","id":15769,"geometry":{"type":"Point","coordinates":[11.477922,48.159004]},"properties":{"hsi":0}},{"type":"Feature","id":15781,"geometry":{"type":"Point","coordinates":[11.477816,48.159079]},"properties":{"hsi":0}},{"type":"Feature","id":15782,"geometry":{"type":"Point","coordinates":[11.477767,48.159047]},"properties":{"hsi":0}},{"type":"Feature","id":15783,"geometry":{"type":"Point","coordinates":[11.479197,48.158945]},"properties":{"hsi":0}},{"type":"Feature","id":15784,"geometry":{"type":"Point","coordinates":[11.479338,48.158946]},"properties":{"hsi":0}},{"type":"Feature","id":15785,"geometry":{"type":"Point","coordinates":[11.479441,48.158946]},"properties":{"hsi":0}},{"type":"Feature","id":15786,"geometry":{"type":"Point","coordinates":[11.4796,48.158954]},"properties":{"hsi":0}},{"type":"Feature","id":15787,"geometry":{"type":"Point","coordinates":[11.479156,48.158973]},"properties":{"hsi":0}},{"type":"Feature","id":15788,"geometry":{"type":"Point","coordinates":[11.479327,48.158974]},"properties":{"hsi":0}},{"type":"Feature","id":15789,"geometry":{"type":"Point","coordinates":[11.479691,48.158991]},"properties":{"hsi":0}},{"type":"Feature","id":15790,"geometry":{"type":"Point","coordinates":[11.479266,48.159]},"properties":{"hsi":0}},{"type":"Feature","id":15791,"geometry":{"type":"Point","coordinates":[11.479351,48.159012]},"properties":{"hsi":0}},{"type":"Feature","id":15792,"geometry":{"type":"Point","coordinates":[11.479399,48.159017]},"properties":{"hsi":0}},{"type":"Feature","id":15793,"geometry":{"type":"Point","coordinates":[11.479245,48.159055]},"properties":{"hsi":0}},{"type":"Feature","id":15794,"geometry":{"type":"Point","coordinates":[11.479199,48.159062]},"properties":{"hsi":0}},{"type":"Feature","id":15795,"geometry":{"type":"Point","coordinates":[11.479247,48.159068]},"properties":{"hsi":0}},{"type":"Feature","id":15796,"geometry":{"type":"Point","coordinates":[11.479145,48.159068]},"properties":{"hsi":0}},{"type":"Feature","id":15797,"geometry":{"type":"Point","coordinates":[11.479336,48.159078]},"properties":{"hsi":0}},{"type":"Feature","id":15798,"geometry":{"type":"Point","coordinates":[11.479302,48.159097]},"properties":{"hsi":0}},{"type":"Feature","id":15799,"geometry":{"type":"Point","coordinates":[11.479413,48.159101]},"properties":{"hsi":0}},{"type":"Feature","id":15800,"geometry":{"type":"Point","coordinates":[11.479441,48.159105]},"properties":{"hsi":0}},{"type":"Feature","id":15801,"geometry":{"type":"Point","coordinates":[11.479476,48.159113]},"properties":{"hsi":0}},{"type":"Feature","id":15818,"geometry":{"type":"Point","coordinates":[11.480978,48.158944]},"properties":{"hsi":0}},{"type":"Feature","id":15819,"geometry":{"type":"Point","coordinates":[11.480676,48.158954]},"properties":{"hsi":0}},{"type":"Feature","id":15820,"geometry":{"type":"Point","coordinates":[11.480846,48.158965]},"properties":{"hsi":0}},{"type":"Feature","id":15821,"geometry":{"type":"Point","coordinates":[11.480663,48.15897]},"properties":{"hsi":0}},{"type":"Feature","id":15822,"geometry":{"type":"Point","coordinates":[11.480691,48.158983]},"properties":{"hsi":0}},{"type":"Feature","id":15823,"geometry":{"type":"Point","coordinates":[11.480655,48.158998]},"properties":{"hsi":0}},{"type":"Feature","id":15824,"geometry":{"type":"Point","coordinates":[11.480877,48.158992]},"properties":{"hsi":0}},{"type":"Feature","id":15825,"geometry":{"type":"Point","coordinates":[11.480492,48.159007]},"properties":{"hsi":0}},{"type":"Feature","id":15826,"geometry":{"type":"Point","coordinates":[11.480869,48.159003]},"properties":{"hsi":0}},{"type":"Feature","id":15827,"geometry":{"type":"Point","coordinates":[11.480698,48.159019]},"properties":{"hsi":0}},{"type":"Feature","id":15828,"geometry":{"type":"Point","coordinates":[11.480656,48.159029]},"properties":{"hsi":0}},{"type":"Feature","id":15829,"geometry":{"type":"Point","coordinates":[11.480523,48.15903]},"properties":{"hsi":0}},{"type":"Feature","id":15830,"geometry":{"type":"Point","coordinates":[11.480809,48.159024]},"properties":{"hsi":0}},{"type":"Feature","id":15831,"geometry":{"type":"Point","coordinates":[11.480547,48.159041]},"properties":{"hsi":0}},{"type":"Feature","id":15832,"geometry":{"type":"Point","coordinates":[11.480685,48.15905]},"properties":{"hsi":0}},{"type":"Feature","id":15853,"geometry":{"type":"Point","coordinates":[11.478234,48.159121]},"properties":{"hsi":0}},{"type":"Feature","id":15854,"geometry":{"type":"Point","coordinates":[11.478423,48.159128]},"properties":{"hsi":0}},{"type":"Feature","id":15855,"geometry":{"type":"Point","coordinates":[11.478187,48.159136]},"properties":{"hsi":0}},{"type":"Feature","id":15887,"geometry":{"type":"Point","coordinates":[11.479849,48.159088]},"properties":{"hsi":0}},{"type":"Feature","id":15888,"geometry":{"type":"Point","coordinates":[11.480286,48.159096]},"properties":{"hsi":0}},{"type":"Feature","id":15922,"geometry":{"type":"Point","coordinates":[11.478694,48.159128]},"properties":{"hsi":0}}]}